文物名称,时代,图片链接,分类,版本,文物简介
文物名称,时代,图片链接,分类,版本,文物简介
文物名称,时代,图片链接,分类,版本,文物简介
文物名称,时代,图片链接,分类,版本,文物简介
文物名称,时代,图片链接,分类,版本,文物简介
文物名称,时代,图片链接,分类,版本,文物简介
文物名称,时代,图片链接,分类,版本,文物简介
文物名称,时代,图片链接,分类,版本,文物简介
文物名称,时代,图片链接,分类,版本,文物简介
文物名称,时代,图片链接,分类,版本,文物简介
文物名称,时代,图片链接,分类,版本,文物简介
文物名称,时代,图片链接,分类,版本,文物简介
文物名称,时代,图片链接,分类,版本,文物简介
文物名称,时代,图片链接,分类,版本,文物简介
文物名称,时代,图片链接,分类,版本,文物简介
