文物名称,时代,图片链接,分类,文物简介

兽面纹鼎,商代前期,http://www.dpm.org.cn/Uploads/Picture/dc/1808.jpg,饪食器,兽面纹鼎，通高21厘米，宽18.3厘米，重1.04kg。鼎圆体，深腹，薄壁，平口沿外折，口沿上有双立耳。腹下三扁足，足作夔形，首朝上，尾部作支点。颈部饰兽面纹，无地纹。鼎是青铜礼器中最重要的一类器物，自考古学上的二里头文化时期开始出现，一直沿用至明清时代，是青铜器中流行时间最长的器物。
兽面纹觚,商代前期,http://www.dpm.org.cn/Uploads/Picture/dc/1807.jpg,酒器,兽面纹觚，通高15.1厘米，宽10.7厘米，重0.37kg。觚体圆，喇叭形状，侈口，束腰，圈足。腰饰兽面纹，无地纹，上饰弦纹二道，下饰弦纹三道。兽面纹觚形体较小，纹饰简单，颈部较短，口沿向外伸张不大，这些都是商代前期青铜觚的特点。
网纹斝,商代前期,http://www.dpm.org.cn/Uploads/Picture/dc/1806.jpg,酒器,网纹斝，通高25.8厘米，宽17.1厘米，重0.93kg。斝圆体，侈口，口上有二小柱，口内侧有一圈唇边，束腰，此腹上有一素鋬，腹下有三锥足，足中空。腹饰网纹，网纹中饰乳钉纹。此网纹斝形制较为原始，纹饰、铸造工艺均很粗糙，器壁很薄，具有商代前期的风格。此网纹斝收购于1957年。
兽面纹斝,商代前期,http://www.dpm.org.cn/Uploads/Picture/dc/15840.jpg,酒器,"兽面纹斝，商早期，高25厘米，口径18厘米。此斝颈口侈大，口沿处有两根立柱，立柱顶端饰火纹，颈腹分段，颈部下端环饰兽面纹，腹部呈圆弧状鼓出，弧形单柄，平底，三角形锥状三足。此件器物具有商早期的明显特征：立柱为不甚发达的菌形立柱，而商代中晚期的斝，其立柱则日见发达和突出。立柱顶端所饰火纹（旧称涡纹）是太阳的标志，其形状为圆形，中间略突起，周边有旋转的弧线环绕。早期的火纹主要出现在铜斝上，二里头文化时期的斝已饰有火纹，到了商代早期，火纹普遍出现在斝的立柱和腹部，而商代晚期，火纹逐渐从斝转移至鼎、簋之类器物上。斝是体形容量最大的饮酒器，《周礼·考工记·梓人》贾公颜疏引《韩诗说》云：“爵一升，觚二升，觯三升，角四升，散（斝）五升。”斝在等级上则比较低，《礼记·礼器》上说:“尊者献以爵,卑者献以散（斝）。”现在通称为斝的青铜器，名称是宋人所定，始见于《博古图录》。关于斝的用途，有种说法认为它是温酒用具，但在礼制方面，据《礼记》、《左传》等书所载，斝主要是用来行祼礼的酒器。"
弦纹盉,商代前期,http://www.dpm.org.cn/Uploads/Picture/dc/2271.jpg,酒器,弦纹盉，通高21.2厘米，宽14.7厘米，重1.36kg。盉上部为半圆形，顶部有一倾斜的管状流，流的根部有一桃形口，口上有唇边，腹部整体作三个袋状尖足，有一素鋬，颈部有一窄沿，下饰弦纹三道。此弦纹盉形状较原始，其设计、铸造水平均不高，具有商代早期青铜器的特征。
