文物类型,文物名称,时代,图片链接,分类,文物简介
金银锡器,鎏金刻人马狩猎纹杯,唐,http://www.dpm.org.cn/Uploads/Picture/dc/14026.jpg,金器,鎏金刻人马狩猎纹杯，高7.5厘米，口径5.9厘米，足径3.5厘米。杯铜质，通体鎏金，高圆足。杯身以细线刻人马狩猎图，近口处饰弦纹一道。唐代酒器多以金、银制品为首选，此缘于统治者对金、银制品的偏爱和社会的富足使得当时金、银铸造业空前发达。此杯镌刻精致，纹饰生动，且受到西域工艺风格的影响。
金银锡器,鎏金杯,唐,http://www.dpm.org.cn/Uploads/Picture/dc/14027.jpg,金器,鎏金杯，高7.5厘米，口径7厘米，足径3.4厘米。清宫旧藏。杯撇口，形如倒钟，高圆足。杯身鎏饰金水，通体光素，只在杯身上部饰弦纹一道。唐代金银器的制作颇为考究，多数作品上饰有精湛的动物或花卉纹样，但此杯通体简洁，无繁复的纹饰，这在传世的唐代金银器中是不多见的。此杯器形明显受到西方风格的影响。
金银锡器,朱碧山银槎,元,http://www.dpm.org.cn/Uploads/Picture/dc/1352.jpg,银器,朱碧山银槎，高18厘米，长20厘米。此槎白银制。槎周身作桧柏纹理，形如老树杈枒，屈曲之致，一道人斜坐槎上，道冠云履，长须宽袍，双目凝视手中书卷。正面槎尾上刻“龙槎”二字，杯口下刻行楷“贮玉液而自畅，泛银汉以凌虚。杜本题”十五字，槎下腹部刻楷书“百杯狂李白，一醉老刘伶，知得酒中趣，方留世上名”廿字，槎尾后部刻楷书“至正乙酉，渭塘朱碧山造于东吴长春堂中子孙保之”廿一字，并篆书图章“华玉”二字。此银槎杯为铸成后加以雕刻，头、手、云履等部分是铸成后接焊的，接焊处混然无迹。这件兼有传统绘画与雕塑特点的工艺品，标志着元代时期铸银工艺的技术高度与艺术水平，对于研究元代艺术发展的历史有很大意义。
金银锡器,银方斗式杯,明,http://www.dpm.org.cn/Uploads/Picture/dc/51666.jpg,银器,银方斗式杯，清，最大高4.2厘米，口径8.2厘米，底径4.5厘米，最小高2.8厘米，口径4.5厘米，底径2.5厘米。杯作方斗形，从大渐小，由12件组成，依次套装，严丝合缝。12件杯的内壁均浅刻不同的山水人物图景，若将每件的四壁衔接起来，即为一幅通景故事画。内底阴刻篆体“兰亭修契”、“西园雅集”等，点明画面内容。套杯设计巧妙，构图优美，技艺精湛，令人叹为观止。
金银锡器,银镀金寿字火碗,清,http://www.dpm.org.cn/Uploads/Picture/dc/57230.jpg,未知,银镀金寿字火碗，清晚期，高25厘米，直径22.8厘米。火碗银质，由三部分组成，火碗、三角支架和小银酒精碗，每部分可以分开。碗盖及碗身錾刻有寿字，三角支架设计为如意形，都充分体现出清宫器物纹饰上吉祥美好的蕴意。“寿”字，是人们用来祈求长寿的一个图符。自古至今由“寿”字演化的图案达三百余种。其中有以单字表意的图案，形长者叫“长寿”，形圆者称“圆寿”或“团寿”等，也有多字表意的图案，有“百寿图”、“双百寿图”等，由不同形体的“寿”组成。“寿”字图符在清宫中广泛地运用于日常生活及礼仪生活中。更有将“寿”字图符用于餐食制作中者，清代孔令贻向慈禧太后祝寿四品大碗菜中分别制有“万”、“寿”、“无”、“疆”四字，饽饽四品中则有“寿字油糕”。火碗为宫中暖餐具类，是宫廷中用来温热食品的器具。这件银镀金寿字火碗用于皇帝寿筵，做工精致，为清宫典型的御膳器皿之一。
金银锡器,金嵌珠“万寿无疆”杯盘,清,http://www.dpm.org.cn/Uploads/Picture/dc/1641.jpg,金器,金嵌珠“万寿无疆”杯盘，通高7.5厘米，杯径7厘米，盘径19厘米。杯略高，筒状，圆口，上大而下小。杯外壁錾行龙，龙身侧为缠枝莲纹，近足处有海水纹。杯两侧各有一耳，耳上部为莲花托，托上嵌大珍珠一颗，其下为镂空篆字，一耳为“万寿”，一耳为“无疆”，字下有灵芝纹。杯底圈足。托盘较阔，宽沿，其上錾缠枝莲，四方嵌珍珠4颗。盘内平底，錾8朵莲花，其间4朵嵌珍珠为花心。中部隆起圆形杯座，其上饰龙纹。这套金质杯盘为清宫内务府造办处所制，豪华富丽，是宫廷举行大宴时供皇帝使用的。带有“万寿无疆”赞词的清代金质酒杯目前还很少见。
金银锡器,金錾花高足托盖白玉碗,清,http://www.dpm.org.cn/Uploads/Picture/dc/1640.jpg,金器,金錾花高足托盖白玉碗，高26厘米，口径14.5厘米。器由金托、玉碗、金碗盖三部分组成。托较高，下足圈筒式，下粗上细，其外饰凸起的勾莲纹和数排如意纹，并嵌有松石海棠花、如意云。足上为圆形托盘，边沿饰连球纹并嵌松石边线，盘内壁开光，开光内饰缠枝纹并嵌松石花。盘中部泛起圆形碗座，其壁錾勾莲纹并嵌松石梅花。碗为白玉质，洁白如脂。圆形撇口，外壁素无纹，内壁琢藏文。碗底有“乾隆年制”四字款。碗盖略高，宽沿，中部隆起，饰勾莲纹并嵌松石饰片，上部锤錾莲瓣纹，顶部有花蕾式纽。清代宫廷使用的盖碗种类很多，金、玉组合的作品则较少。这件盖碗的金工精致，玉质绝佳，托、盖、碗浑为一体，既实用又有很好的陈设效果。
金银锡器,金錾云龙纹执壶,清,http://www.dpm.org.cn/Uploads/Picture/dc/1639.jpg,金器,金錾云龙纹执壶，高31.5厘米，腹径16厘米。壶金质，身较高，撇口，细颈。壶口上有一锥形盖，盖面自上而下分为四层，每层亦錾云龙纹，盖下有一锥形榫，插入壶口。颈中部饰一周素箍，其上呈条状分割，内饰云龙纹。壶腹呈球形，以纵向条纹分割，其间亦饰云龙纹，龙尾向上，头朝下，与颈部云龙图案方向相反。壶足似倒置漏斗，圆形，上细而下阔，饰云龙、海水、火焰纹。壶流细而长，整体光素，口沿处錾花，下部饰兽面纹。这件金执壶的造型借鉴了其它种类的器物，纹饰为浅浮雕，细密而少变化，具有稳定感，是宫廷使用的酒具。
金银锡器,银手镯,清,http://www.dpm.org.cn/Uploads/Picture/dc/59612.jpg,银器,银手镯，清，手镯宽2厘米，直径约9厘米。清宫旧藏。手镯银镀金，采用累丝工艺，主题纹饰为二龙戏珠，做工繁复精美。其以二龙龙头处为手镯开口，佩戴打开时需要将龙口的活拴拔出。手镯风格纤细奢华，与故宫博物院藏另一件带款的广东产手镯工艺、风格都极为相似，应属同一时期同一地区的产品。
金银锡器,金嵌玉柄叉,清,http://www.dpm.org.cn/Uploads/Picture/dc/56312.jpg,金器,金嵌玉柄叉，清，通长19.8厘米，最宽1.6厘米。四棱青玉柄，首作花苞形。金叉上部装饰双面蝙蝠，其下叉股间又焊接一双面古钱。“蝠”、“福”谐音，古钱中心为一近方形孔眼，图案寓意福在眼前。明、清以来，工艺品上做吉祥图案十分流行。此外，具有教化意义以及富含文人雅趣的题材也是颇为常见的装饰，如福禄寿三星、樵耕渔读、携琴访友等等，并形成固定的程式，反映了当时人们美好的愿望和期许。
金银锡器,金嵌青玉柄匙,清,http://www.dpm.org.cn/Uploads/Picture/dc/56311.jpg,金器,金嵌青玉柄匙，清，通长18.8厘米，最宽3.9厘米。匙两端金制，柄中段套接青玉圆柄。如意云头形金柄端表面双钩开光内錾刻“囍”字。金、玉的使用历来是地位和财富的象征。在中国历史上，美玉的使用较黄金要早许多，两者在很长一段时间内并行发展。明代服饰、器用上开始流行金、玉并用。皇家用具，极尽奢华之能事，金、玉不仅用于服饰或陈设，也用于饮食器具，展示了金玉满堂的富贵荣华。清代帝王大婚或是太后、皇帝万寿庆典，通常专门制作成套精美的服装、饰品、器用，并分别装饰标志性的“喜”、“囍”或“寿”字。此器錾有“囍”，是清代皇帝与皇后的婚庆用品。
金银锡器,金嵌玉箸,清,http://www.dpm.org.cn/Uploads/Picture/dc/56310.jpg,金器,金嵌玉箸，清，通长28.9厘米。清代后妃用餐具。青白玉制成，筷子上部饰竖棱纹，顶端、中部和下部镶金三处。顶端为尖顶形，中部为凸环纹八道，下部光素。金为赤金，成色上佳。
金银锡器,锡方形一品锅,清,http://www.dpm.org.cn/Uploads/Picture/dc/56309.jpg,锡器,锡方形一品锅，清，高30厘米，口边长34厘米。这件锡制一品锅包括碗、碟、盖、座等共25件。锅的形状成正方形，内有5个锡碗，每个碗均配錾刻花卉图案的盖，碗下设有酒精碗。锅身设有4个插孔，并配有4个支架，将支架插入孔中即可以承接雕刻花卉的小盘。锅身周边刻有各种花卉图案；底部有4个象鼻形锅架支腿，支撑锅的整体；锅盖上有塑造的狮子为纽，形象生动。整体构造巧妙，造型美观大方，制作工艺精良，是宫藏锡器制品中不可多得的文物珍品。
金银锡器,金带托酒杯,清,http://www.dpm.org.cn/Uploads/Picture/dc/56294.jpg,金器,金带托酒杯，清，杯高6厘米，口径6.5厘米，足径3厘米；盘高3厘米，直径15.8厘米。杯、盘均捶揲成型。杯身鱼籽纹地上对称装饰缠枝西番莲图案两组，两侧间饰古钱纹。口沿及足各有回文一周。花耳顶部镶嵌金珠。盘心凸起覆莲座，座周錾刻西番莲，鱼籽纹地。宽折沿表面錾刻扇形纹。饮酒在中国有着十分悠久的历史，不同时期的酒具也是各具特色。商周时期，青铜酒具为社会上层宴饮必备。成套金、银杯盘、执壶的使用自唐、宋始，一直到明、清均颇为流行。除金、银外，明、清宫廷还普遍使用玉制杯盘。
金银锡器,银镀金小碟,清,http://www.dpm.org.cn/Uploads/Picture/dc/23671.jpg,银器,银镀金小碟，清，高2厘米，直径9.1厘米。清宫旧藏。小碟圆形口，浅膛，圈足，通体光素无纹。造型美观，做工精致，银镀金色泽熠熠生辉，显示了皇家气派。此类小碟是宫廷御膳时盛放调料的餐具之一。
金银锡器,宣统款银鎏镀金龙凤纹多穆壶,清,http://www.dpm.org.cn/Uploads/Picture/dc/20525.jpg,银器,宣统款银镀金龙凤纹多穆壶，民国，高46厘米，口径6.8厘米，底径10.8厘米。壶口类似僧帽形，斜口，直壁，平底，圈足，环链提手，流自壶身所刻龙纹口部伸出。口、腹、底各有一道凸棱，上刻缠枝花卉纹。器身上半部分装饰二龙戏珠纹，下半部分雕刻双凤纹。盖面饰龙凤纹。外底中部镌刻“宣统十四年，足纹一百二十两”款。所谓宣统十四年，即1922年。多穆壶是盛装酥油茶的器皿。尽管通体镀金，但由于金水较薄，器身多处的金色较为暗淡。原为帝后专享的龙凤纹臃肿、笨拙，雕工粗糙，从一个侧面反映了逊清皇室的衰败没落景象。
金银锡器,小银船,清,http://www.dpm.org.cn/Uploads/Picture/dc/23936.jpg,银器,小银船，清，高26厘米，长24.5厘米，宽7.5厘米。中间的小银船为中国传统式样，船体上还有麒麟、卷云等纹饰，船上阁楼有中式菱格窗，船底有轱辘，船尾可上弦，这很可能是一件能放在地上跑的玩具旱船。
金银锡器,石楳款锡壶,清,http://www.dpm.org.cn/Uploads/Picture/dc/53069.jpg,锡器,石楳款锡壶，清，高9.4厘米，口径5厘米，捐献自吴仲超。壶身为菱形立柱体，四立面呈瓜棱形，盖钮、流嘴、壶柄配接白玉。壶外壁阴刻隶书“壶以受坚，能久畜清泉，饮者寿。石楳。”
金银锡器,石楳款朱坚刻梅花题诗锡壶,清,http://www.dpm.org.cn/Uploads/Picture/dc/52011.jpg,锡器,石楳款朱坚刻梅花题诗锡壶，清晚期，通高8厘米，通长17厘米，口长6.4厘米，宽3.8厘米。壶方体，敛口，鼓腹，平底，三角形足，长方形盖，玉顶，木柄。腹壁一面刻梅花图，旁书“暗香浮动。朱坚写。”相对的另一面刻“雨前雨后春已妍，此中自有氤氲天，我欲贮以中泠泉。石楳。”木柄嵌银丝，篆书“石楳制”。壶内底刻篆书“永宝”二字。
金银锡器,金镶翠戒指,清,http://www.dpm.org.cn/Uploads/Picture/dc/51676.jpg,金器,金镶翠戒指，清，通长2.2厘米，径2.1厘米。
金银锡器,金嵌红蓝宝石戒指,清,http://www.dpm.org.cn/Uploads/Picture/dc/51677.jpg,金器,金嵌红蓝宝石戒指，清，通长2.3，径1.8厘米。
金银锡器,金嵌红宝石戒指,清,http://www.dpm.org.cn/Uploads/Picture/dc/51678.jpg,金器,金嵌红宝石戒指，清，通长2.2厘米，径2.1厘米。
金银锡器,金嵌珠连环耳环,清,http://www.dpm.org.cn/Uploads/Picture/dc/51603.jpg,金器,金嵌珠连环耳环，清，径3.3厘米。
金银锡器,金錾“大清一统天下太平”戒指,清,http://www.dpm.org.cn/Uploads/Picture/dc/51679.jpg,金器,金錾“大清一统天下太平”戒指，清，高1厘米，径2厘米。
金银锡器,金錾双龙戏珠纹戒指,清,http://www.dpm.org.cn/Uploads/Picture/dc/51680.jpg,金器,金錾双龙戏珠纹戒指，清，高0.5厘米，径2.2厘米。
金银锡器,金嵌碧玺米珠戒指,清,http://www.dpm.org.cn/Uploads/Picture/dc/51605.jpg,金器,金嵌碧玺米珠戒指，清，高1.6厘米，径2.3厘米。
金银锡器,金“庄和”戒指,清,http://www.dpm.org.cn/Uploads/Picture/dc/51604.jpg,金器,金“庄和”戒指，清，高2厘米，径2厘米。
金银锡器,金嵌珠石蝙蝠簪,清,http://www.dpm.org.cn/Uploads/Picture/dc/51591.jpg,金器,金嵌珠石蝙蝠簪，清，通长9.8厘米，最宽4.1厘米。
金银锡器,金累丝嵌珠石升官簪,清,http://www.dpm.org.cn/Uploads/Picture/dc/51590.jpg,金器,金累丝嵌珠石升官簪，清，长6厘米，宽4.5厘米。
金银锡器,金累丝点翠四龙戏珠镯,清,http://www.dpm.org.cn/Uploads/Picture/dc/51592.jpg,金器,金累丝点翠四龙戏珠镯，清，高1.7厘米，径7.6厘米。
金银锡器,金托珊瑚豆手链,清,http://www.dpm.org.cn/Uploads/Picture/dc/51596.jpg,金器,金托珊瑚豆手链，清，径7厘米。
金银锡器,镶金玳瑁镯,清,http://www.dpm.org.cn/Uploads/Picture/dc/51594.jpg,金器,镶金玳瑁镯，清，高1.2厘米，径6.8厘米。
金银锡器,金累丝葫芦式耳坠,清,http://www.dpm.org.cn/Uploads/Picture/dc/51602.jpg,金器,金累丝葫芦式耳坠，清，通长5.5厘米，宽1.6厘米。
金银锡器,金嵌石项圈,清,http://www.dpm.org.cn/Uploads/Picture/dc/51598.jpg,金器,金嵌石项圈，清，通长50厘米，径18.8厘米。
金银锡器,金项链,清,http://www.dpm.org.cn/Uploads/Picture/dc/51599.jpg,金器,金项链，清，径15厘米。
金银锡器,金錾“同心欢乐万年戒酒”扳指,清,http://www.dpm.org.cn/Uploads/Picture/dc/51601.jpg,金器,金錾“同心欢乐万年戒酒”扳指，清，径2.8厘米，最宽2.5厘米。
金银锡器,金錾双喜字扳指,清,http://www.dpm.org.cn/Uploads/Picture/dc/51600.jpg,金器,金錾双喜字扳指，清，高2.2厘米，径3厘米。
金银锡器,金嵌珠九蝠挑头,清,http://www.dpm.org.cn/Uploads/Picture/dc/51585.jpg,金器,金嵌珠九蝠挑头，清，长19厘米，宽4.5厘米。
金银锡器,银錾花蝴蝶式盒,清,http://www.dpm.org.cn/Uploads/Picture/dc/51634.jpg,银器,银錾花蝴蝶式盒，清，高2.6厘米，长9.8厘米，宽7.4厘米。清宫旧藏盒蝴蝶式，盒盖正面錾刻珍珠纹底表现蝶翼鳞片，再以凸起的簇六胡玛瑙纹、藤蔓纹等表现蝶翼上的斑纹。“蝴蝶”谐音“福”“耋”，寓意“福寿安康”。盒盖以蝴蝶纹中轴为合页，盖片从两端向中心开启，状如蝶翼翻飞，构思巧妙，工艺精湛。
金银锡器,金嵌珠石兰花蝈蝈簪,清,http://www.dpm.org.cn/Uploads/Picture/dc/51587.jpg,金器,金嵌珠石兰花蝈蝈簪，清，长21厘米，最宽6厘米，厚3厘米。
金银锡器,金嵌珊瑚桃蝠双喜簪,清,http://www.dpm.org.cn/Uploads/Picture/dc/51589.jpg,金器,金嵌珊瑚桃蝠双喜簪，清，通长31.7厘米，最宽1厘米。
金银锡器,金点翠蝙蝠耳挖簪,清,http://www.dpm.org.cn/Uploads/Picture/dc/51586.jpg,金器,金点翠蝙蝠耳挖簪，清，通长22厘米，最宽4厘米。
金银锡器,金嵌珠石蝴蝶簪,清,http://www.dpm.org.cn/Uploads/Picture/dc/51588.jpg,金器,金嵌珠石蝴蝶簪，清，长21厘米，最宽3.5厘米。
金银锡器,金嵌珠石梅花纹带扣,清,http://www.dpm.org.cn/Uploads/Picture/dc/51681.jpg,金器,金嵌珠石梅花纹带扣，清，通长12厘米，最宽3.8厘米。
金银锡器,金累丝博古纹花囊,清,http://www.dpm.org.cn/Uploads/Picture/dc/51682.jpg,金器,金累丝博古纹花囊，清，高2厘米，长7.8厘米，宽5.7厘米。
金银锡器,金錾云龙团寿纹带头,清,http://www.dpm.org.cn/Uploads/Picture/dc/51749.jpg,金器,金錾云龙团寿纹带头，清，长11.3厘米，宽4.1厘米，带径约25厘米。
金银锡器,金累丝点翠扁方,清,http://www.dpm.org.cn/Uploads/Picture/dc/51583.jpg,金器,金累丝点翠扁方，清，长30.6厘米，宽2.7厘米。
金银锡器,金嵌珠石葫芦式胸针,清,http://www.dpm.org.cn/Uploads/Picture/dc/51750.jpg,金器,金嵌珠石葫芦式胸针，清，长6.5厘米，宽3.8厘米。
金银锡器,金八卦纹牌,清,http://www.dpm.org.cn/Uploads/Picture/dc/51751.jpg,金器,金八卦纹牌，清，径3.3厘米。
金银锡器,金錾花双喜扁方,清,http://www.dpm.org.cn/Uploads/Picture/dc/51584.jpg,金器,金錾花双喜扁方，清，长30.2厘米，最宽4厘米。
金银锡器,金葫芦万代纹带链牙签耳挖,清,http://www.dpm.org.cn/Uploads/Picture/dc/51752.jpg,金器,金葫芦万代纹带链牙签耳挖，清，通长8.2厘米。
金银锡器,金嵌珠石累丝香囊,清,http://www.dpm.org.cn/Uploads/Picture/dc/51753.jpg,金器,金嵌珠石累丝香囊，清，长7.1厘米，宽5.2厘米，厚1.4厘米。香囊周身由镂空的累丝花瓣组成，上下均有丝绳及红色珊瑚珠为饰，一端置插纽，可启闭。清代香囊种类繁多，金质香囊多镂空，用以放入香料或鲜花的花瓣，系于腰间，是珍贵精美的佩饰之一。
金银锡器,金镂花嵌玉石香囊,清,http://www.dpm.org.cn/Uploads/Picture/dc/51754.jpg,金器,金镂花嵌玉石香囊，清，长5厘米，宽4.4厘米，厚1.3厘米。
金银锡器,金锭,清,http://www.dpm.org.cn/Uploads/Picture/dc/51755.jpg,金器,金锭，清，长5厘米，宽2厘米，厚1厘米。
金银锡器,金元宝式盒,清,http://www.dpm.org.cn/Uploads/Picture/dc/51756.jpg,金器,金元宝式盒，清，高2.5厘米，长4.7厘米，宽2.8厘米。
金银锡器,金锭,清,http://www.dpm.org.cn/Uploads/Picture/dc/51757.jpg,金器,金锭，清，长2.1厘米，宽1.4厘米。
金银锡器,金元宝式盒,清,http://www.dpm.org.cn/Uploads/Picture/dc/51758.jpg,金器,金元宝式盒，清，高1.1厘米，长4.5厘米，宽2.5厘米。
金银锡器,金匙,清,http://www.dpm.org.cn/Uploads/Picture/dc/51582.jpg,金器,金匙，清光绪，通长16.9厘米，最宽4.4厘米。
金银锡器,金嵌松石柄玛瑙勺,清,http://www.dpm.org.cn/Uploads/Picture/dc/51759.jpg,金器,金嵌松石柄玛瑙勺，清，最长22厘米，最宽7.8厘米。
金银锡器,洋金烧蓝柄白玉鞘小刀,清,http://www.dpm.org.cn/Uploads/Picture/dc/51639.jpg,金器,洋金烧蓝柄白玉鞘小刀，清，通长30厘米，宽2.5厘米。
金银锡器,金嵌木柄玉顶果叉,清,http://www.dpm.org.cn/Uploads/Picture/dc/51760.jpg,金器,金嵌木柄玉顶果叉，清，通长21.8厘米，宽1.5厘米。
金银锡器,金嵌玉嵌乌木筷,清,http://www.dpm.org.cn/Uploads/Picture/dc/51581.jpg,金器,金嵌玉嵌乌木筷，清，通长27.9厘米。
金银锡器,金烧蓝鞘牛角柄小刀,清,http://www.dpm.org.cn/Uploads/Picture/dc/51761.jpg,金器,金烧蓝鞘牛角柄小刀，清，通长27厘米，最宽2.4厘米。
金银锡器,金嵌玉箸,清,http://www.dpm.org.cn/Uploads/Picture/dc/51637.jpg,金器,金嵌玉箸，清，通长29.6厘米。
金银锡器,金嵌玉柄匙,清,http://www.dpm.org.cn/Uploads/Picture/dc/51638.jpg,金器,金嵌玉柄匙，清，通长16.9厘米，宽4.3厘米。
金银锡器,银錾刻花蝠纹桃式盒,清,http://www.dpm.org.cn/Uploads/Picture/dc/51635.jpg,银器,银錾刻花蝠纹桃式盒，清，高3.6厘米，长10.5厘米，宽10厘米。盒以蝙蝠捧桃为形，正面錾万字曲水为底纹，蝙蝠口衔桃花，其两翼上錾刻盘长、方胜、“卍”字以缎带串接，寓意“福寿万代”。
金银锡器,金镶碧玺推胸,清,http://www.dpm.org.cn/Uploads/Picture/dc/51636.jpg,金器,金嵌碧玺推胸，清，通长21.5厘米，最宽15.3厘米。
金银锡器,银錾花皮球纹长方盒,清,http://www.dpm.org.cn/Uploads/Picture/dc/51633.jpg,银器,银錾花皮球纹长方盒，清，高4.3厘米，长18.6厘米，宽9.1厘米。盒子为圆角长方体，四角内收，錾刻皮球纹覆满盖身，并以连续回纹装饰盖面四边。盒内有配套银箅子，以蝙蝠衔钱纹为箅格。由此看来，此盒系加热蒸熟食物之用。
金银锡器,银累丝葵瓣式盒,清,http://www.dpm.org.cn/Uploads/Picture/dc/51631.jpg,银器,银累丝葵瓣式盒，清，高7厘米，口径14厘米，底径9.9厘米。盒为八瓣葵瓣式，通体累丝拼接而成，盖顶圆形装饰凸起双龙戏珠纹，四周装饰八吉祥纹，再外围葵瓣则以开光花卉为装饰。盒盖、合身形状、累丝底纹皆成对称，严丝合缝，可谓工艺精巧至极。
金银锡器,金累丝嵌松石花卉纹盒,清,http://www.dpm.org.cn/Uploads/Picture/dc/51628.jpg,金器,金累丝嵌松石花卉纹盒，清，高5厘米，长8.3厘米，宽7厘米。
金银锡器,银錾“卍”寿纹碗,清,http://www.dpm.org.cn/Uploads/Picture/dc/51626.jpg,银器,银錾“卍”寿纹碗，清，高8厘米，口径17.8厘米，足径8厘米。碗直口，弧腹。内壁光素，外壁錾刻长“寿”字，并以缎带“卍”字纹相连，下腹近足处錾刻海水江崖纹，寓意“万寿无疆”。碗口、碗足以回纹为装饰。
金银锡器,金累丝龙纹椭圆盒,清,http://www.dpm.org.cn/Uploads/Picture/dc/51627.jpg,金器,金累丝龙纹椭圆盒，清，高2厘米，长7.5厘米，宽5.3厘米。
金银锡器,金镂花嵌玉石长方盒,清,http://www.dpm.org.cn/Uploads/Picture/dc/51629.jpg,金器,金镂花嵌玉石长方盒，清，高6厘米，长18.2厘米，宽10.7厘米。
金银锡器,金嵌珠石圆盒,清,http://www.dpm.org.cn/Uploads/Picture/dc/51630.jpg,金器,金嵌珠石圆盒，清，高4厘米，径7.8厘米。
金银锡器,玛瑙镶金口带托盖葵瓣碗,清,http://www.dpm.org.cn/Uploads/Picture/dc/51762.jpg,金器,玛瑙镶金口带托盖葵瓣碗，清，通高19.5厘米，碗口径13.1厘米，托径13.8厘米，足径9厘米。
金银锡器,金盘,清,http://www.dpm.org.cn/Uploads/Picture/dc/51675.jpg,金器,金盘，清，高3.2厘米，口径14.6厘米，足径9.6厘米。
金银锡器,金盘,清,http://www.dpm.org.cn/Uploads/Picture/dc/51764.jpg,金器,金盘，清，高3.2厘米，口径14.6厘米，足径9.6厘米。
金银锡器,银錾刻花鸟杯,清,http://www.dpm.org.cn/Uploads/Picture/dc/51670.jpg,银器,银錾刻花鸟杯，清，高9.3厘米，口径6.8厘米，底径4.7厘米。银杯子直口，斜直壁。内壁光素，外壁錾刻梅树枝桠若干，主枝凸起虬劲，细枝嫩桠高浅交错，烘托梅影婆娑之感。一只锦鸡独立枝头，另有一只扑花而下，两鸟相对。
金银锡器,银簪花缠枝西番莲纹杯,清,http://www.dpm.org.cn/Uploads/Picture/dc/51672.jpg,银器,银簪花缠枝西番莲纹杯，清，通高6.7厘米，杯高5.9厘米，口径8厘米，足径3.9厘米，盘高3厘米，口径12.8厘米，足径7.8厘米。银杯直口，斜直壁。外壁以珍珠纹底，錾刻缠枝西番莲纹，每朵花卉皆由其卷须茎叶从左右两侧环绕，形成开光。银杯配备内外壁光素的银盘一盏。
金银锡器,银杯,清,http://www.dpm.org.cn/Uploads/Picture/dc/51671.jpg,银器,银杯，清，通高6.7厘米，杯高5.9厘米，口径8厘米，足径3.9厘米，盘高3厘米，口径12.8厘米，足径7.8厘米。
金银锡器,金碗,清,http://www.dpm.org.cn/Uploads/Picture/dc/51674.jpg,金器,金碗，清，高4.8厘米，口径12.8厘米，底径9.8厘米。
金银锡器,银錾刻花鸟纹杯,清,http://www.dpm.org.cn/Uploads/Picture/dc/51669.jpg,银器,银錾刻花鸟纹杯，清，高9.3厘米，口径6.8厘米，底径4.7厘米。银杯子直口，斜直壁。内壁光素，外壁錾刻梅树主干虬曲苍劲，枝桠梅花累累，一鹊还巢，两鹊登枝，表现了“喜鹊登枝”的吉祥寓意。
金银锡器,金单耳杯,清,http://www.dpm.org.cn/Uploads/Picture/dc/51668.jpg,金器,金单耳杯，清，高4.7厘米，通宽7厘米，口径5.6厘米，足径2.3厘米。
金银锡器,金錾双喜团寿字茶碗,清,http://www.dpm.org.cn/Uploads/Picture/dc/51673.jpg,金器,金錾双喜团寿字茶碗，清同治，高5.9厘米，口径9.7厘米，足径5.2厘米。
金银锡器,银鎏金錾刻杯盘,清,http://www.dpm.org.cn/Uploads/Picture/dc/51664.jpg,银器,银鎏金錾刻杯盘，清，通高5.5厘米，杯高4.7厘米，口径5.1厘米，足径2.9厘米，盘高1.9厘米，口径15.4厘米，足径11厘米。
金银锡器,银鎏金累丝提梁花篮,清,http://www.dpm.org.cn/Uploads/Picture/dc/51659.jpg,银器,银鎏金累丝提梁花篮，清，通梁高19.5厘米，口径7.7厘米，足径8.4厘米。花篮短颈，丰肩膀，腹下收敛，竖长平框式提梁，带纯金骨朵式钮盖。篮身由八瓣相同装饰的曲面焊接而成，每个曲面以对称的桃形纹饰为主，期间细丝卷曲盘桓，勾勒出规律而又富于变化的几何纹样。
金银锡器,金錾缠枝莲纹执壶,清,http://www.dpm.org.cn/Uploads/Picture/dc/51658.jpg,金器,金錾缠枝莲纹执壶，清宣统，高28.1厘米，宽23.2厘米。
金银锡器,金宜子宜孙双喜如意,清,http://www.dpm.org.cn/Uploads/Picture/dc/13272.jpg,金器,金宜子宜孙双喜如意，清，长18厘米，头宽6.6厘米。
金银锡器,金錾花寿星如意,清,http://www.dpm.org.cn/Uploads/Picture/dc/51623.jpg,金器,金錾花寿星如意，清，长15.5厘米，头宽4.9厘米。
金银锡器,金喜字小如意,清,http://www.dpm.org.cn/Uploads/Picture/dc/51622.jpg,金器,金喜字小如意，清，长7.7厘米，头宽3厘米。
金银锡器,金镂空大吉葫芦香熏,清,http://www.dpm.org.cn/Uploads/Picture/dc/51612.jpg,金器,金镂空大吉葫芦香熏，清，高42厘米，口径7.3厘米，底径13.5厘米。香熏为金质，葫芦形。通体以“寿”、“喜”、“万”字相间组成镂空图案，以为散香之用。中央开光处有“大”、“吉”二字，侧饰双蝠衔链纹。香熏内有银质光素盛香胆。器下置紫檀木座。在紫禁城的宫殿、寝室内，陈设的金银制品比比皆是，如皇帝宝座前陈设有金制甪端、香筒、香熏、仙鹤；而寝宫和书房等居所中则有盆景、炉、瓶、盒、如意、花瓶等数不胜数。它们或摆放在桌案条几之上，或置于大小多宝格之中，供帝后赏玩，其中许多还兼有使用功能。
金银锡器,金龙,清,http://www.dpm.org.cn/Uploads/Picture/dc/51615.jpg,金器,金龙，清，高14厘米，最长18厘米，最宽7厘米。
金银锡器,金鹤,清,http://www.dpm.org.cn/Uploads/Picture/dc/51614.jpg,金器,金鹤，清，高26.8厘米，底长9.9厘米，底宽8.2厘米。
金银锡器,金嵌石斋戒牌,清,http://www.dpm.org.cn/Uploads/Picture/dc/51611.jpg,金器,金嵌石斋戒牌，清，长8厘米，宽5.5厘米，厚0.8厘米。
金银锡器,金嵌玉石斋戒牌,清,http://www.dpm.org.cn/Uploads/Picture/dc/51610.jpg,金器,金嵌玉石斋戒牌，清，通长9.5厘米，宽5.2厘米，厚0.5厘米。
金银锡器,金刻花八宝,清,http://www.dpm.org.cn/Uploads/Picture/dc/51654.jpg,金器,金刻花八宝，清，通高12厘米，长9.5厘米，宽4.2厘米。
金银锡器,金数珠,清,http://www.dpm.org.cn/Uploads/Picture/dc/51652.jpg,金器,金数珠，清，径11.5厘米。
金银锡器,金念珠,清,http://www.dpm.org.cn/Uploads/Picture/dc/51653.jpg,金器,金念珠，清，径26厘米。
金银锡器,金錾花嵌石满达,清,http://www.dpm.org.cn/Uploads/Picture/dc/51651.jpg,金器,金錾花嵌石满达，清，通座高27厘米，底径17.7厘米。
金银锡器,金錾花嵌石满达,清,http://www.dpm.org.cn/Uploads/Picture/dc/51650.jpg,金器,金錾花嵌石满达，清，通座高27厘米，底径17.7厘米。
金银锡器,金累丝嵌乾隆佛装像佛窝,清,http://www.dpm.org.cn/Uploads/Picture/dc/51649.jpg,金器,金累丝嵌乾隆佛装像佛窝，清，高2厘米，长7.8厘米，宽4.8厘米。
金银锡器,金嵌玉石佛塔,清,http://www.dpm.org.cn/Uploads/Picture/dc/51640.jpg,金器,金嵌玉石佛塔，清乾隆，通高85厘米，宽47厘米。
金银锡器,金嵌珠石佛窝,清,http://www.dpm.org.cn/Uploads/Picture/dc/9327.jpg,金器,金嵌珠石佛窝，清，长6厘米，宽5厘米，厚2.9厘米。
金银锡器,金嵌松石佛龛,清,http://www.dpm.org.cn/Uploads/Picture/dc/51648.jpg,金器,金嵌松石佛龛，清，通高15.7厘米，长10厘米，宽8.5厘米。
金银锡器,金点翠坛城,清,http://www.dpm.org.cn/Uploads/Picture/dc/51647.jpg,金器,金点翠坛城，清，通座高23厘米，底座最大径13厘米。
金银锡器,金点翠坛城,清,http://www.dpm.org.cn/Uploads/Picture/dc/51646.jpg,金器,金点翠坛城，清，通座高23厘米，底座最大径13厘米。
金银锡器,金嵌珠石佛,清,http://www.dpm.org.cn/Uploads/Picture/dc/51644.jpg,金器,金嵌珠石佛，清，通高32.5厘米，最长15厘米，最宽8.5厘米。
金银锡器,金无量寿佛,清,http://www.dpm.org.cn/Uploads/Picture/dc/51643.jpg,金器,金无量寿佛，清，高27厘米，最宽21厘米。
金银锡器,金镶珠石慈禧发塔,清,http://www.dpm.org.cn/Uploads/Picture/dc/51642.jpg,金器,金镶珠石慈禧发塔，清，通高34厘米，宽14.4厘米。
金银锡器,金嵌玉石佛塔,清,http://www.dpm.org.cn/Uploads/Picture/dc/51641.jpg,金器,金嵌玉石佛塔，清，通高44厘米，底宽25厘米。
金银锡器,金嵌宝石八角塔,清,http://www.dpm.org.cn/Uploads/Picture/dc/50899.jpg,未知,金嵌宝石八角塔，清，通高122厘米，底边长23厘米。此塔是典型的藏式塔（和欢塔）形式，但其腹部八方开龛，七层塔轮上复开小龛供奉小像，构思颇有创意，显然借鉴了汉地建筑中墙龛和塔龛的思路。塔身遍饰珍珠、宝石，显示出皇家工艺品的特色。八角塔是相当独特的塔形，在藏区极为罕见，故宫的佛堂中保存数量也不多。此塔兼具汉、藏两种风格，更为难得。
金银锡器,金嵌珍珠宝石塔,清,http://www.dpm.org.cn/Uploads/Picture/dc/50905.jpg,未知,金嵌珍珠宝石塔，清，通高129厘米，底边长62厘米。塔座木质，方形，为金漆莲瓣须弥座，錾刻铃杵纹、宝相花纹，束腰饰狮子纹。三层圆形塔基，錾刻莲瓣纹、梵文，嵌宝石。塔身肩部饰兽面，兽口衔璎珞。塔身正面设龛门，门沿上镶嵌珍珠两周。塔刹十三层，满刻梵文。鼓形华盖，周沿悬垂由一千多颗珍珠、珊瑚珠、青金石组成的璎珞。顶部为红珊瑚和白玉制日、月，宝珠为猫眼石制。此塔原供奉于重华宫崇敬殿佛堂中，重华宫是清乾隆皇帝做皇子时的居所。塔共用黄金8.5万克，大珍珠293颗，绿松石、红珊瑚、青金石等各种宝玉石500余块。整座塔运用了錾刻、锤揲、镶嵌等多种工艺，细腻精湛，各类宝石点缀其间，更显得其高贵、华丽，是清宫造大型佛塔中的精品。
金银锡器,金佛瓶,清,http://www.dpm.org.cn/Uploads/Picture/dc/9325.jpg,未知,金佛瓶，清，通高20.5厘米，最大径14厘米。此种形式的瓶是藏传佛教中非常典型的供器。在密教仪式举行过程中，此种瓶往往供奉在高大的佛、本尊的供桌前，瓶中插着吉祥草或孔雀翎，下面的盏中盛放谷物，作为供神和举行仪式中不可缺少的法物。
金银锡器,金嵌松石双耳扁方瓶,清,http://www.dpm.org.cn/Uploads/Picture/dc/51369.jpg,金银锡器,金嵌松石双耳扁方瓶，清，高25.5厘米，口径10×8厘米。瓶金质，八成金。方形口、足，口外饰卍字纹，器两侧饰兽耳衔环。瓶身广泛运用累丝和镶嵌工艺，组成玉兰、梅花、菊花、松枝、鹤、鸟、蝶等图案。清代金器工艺在继承明代多嵌饰的基础上发展为将金与其他材料混合制作器物。
金银锡器,金瓶珍珠花树景,清,http://www.dpm.org.cn/Uploads/Picture/dc/50619.jpg,金银锡器,金瓶珍珠花树景，清，通高56.5厘米，最宽27厘米，瓶高20.7厘米。瓶金质，九成金。扁方形，两侧饰狮耳衔环，以錾刻的菱格纹为主体纹饰。银质内胆。瓶中插黄金树，以碧玉为叶，珍珠作花，金丝为蕊。这种将金与珠、玉结合的工艺同北方少数民族的金器制作可能有着内在的文化传承关系。
金银锡器,金嵌玉石四筒花插,清,http://www.dpm.org.cn/Uploads/Picture/dc/50618.jpg,金器,金嵌玉石四筒花插，清，高34.6厘米，宽15.6厘米。花插为一对，金质。上部为四个插筒，一主三副，插筒下承花叶式托盘，三蝶形足。其装饰除錾金为花外，还运用金累丝和镶嵌工艺塑造出花叶，各色宝石装点其间，尤以叶蔓处的镶翠更为夺目。器底部有“足赤”“宝华”戳记。清代金器承袭了明代金器多镶嵌的特点并有所发展，工艺更为精湛，纹饰也较明代繁缛复杂。
金银锡器,金錾夔龙纹扁壶,清,http://www.dpm.org.cn/Uploads/Picture/dc/50615.jpg,金器,金錾夔龙纹扁壶，清，高20.3厘米，宽14厘米，厚0.5厘米，口径4厘米。扁壶金质，八成金。体为扁圆形，圆口，直颈，扁圆腹，扁方足。颈以回纹为地，上饰三周弦纹，两侧饰夔龙耳。腹部两面纹饰对称，均以宝相花和夔龙为主体纹饰。壶身侧面及足部亦以回纹为饰。工艺技法以錾刻为主。此为清代皇帝的御用酒具，金壶上錾刻图案使其愈显豪华富丽。錾刻是金属工艺的一种，方法是镂錾成地，使纹饰花样的轮廓线凸起。錾刻工艺早在商代即已出现。清代，錾金工艺被较多地运用在各种金器工艺品上。
金银锡器,金錾云龙纹执壶,清,http://www.dpm.org.cn/Uploads/Picture/dc/50614.jpg,金器,金錾云龙纹执壶，清，高31.5厘米，口径6.6厘米，足径9.9厘米。执壶八成金质。束颈，鼓腹，通体錾刻龙戏火珠纹，颈部为10条龙，腹部为20条龙，颈、腹之间以两道玄纹间隔。弯弧形兽吞式长柄及长流，柄端与盖顶之间有金链相连。盖呈四层圆形尖塔状，每层均饰双龙戏珠纹，共8条龙。底足为外撇形高圈足，其上饰有龙戏珠纹和海水江崖纹。此执壶的造型与传统样式有所区别，似有外来风格
金银锡器,金嵌珠七珍,清,http://www.dpm.org.cn/Uploads/Picture/dc/9326.jpg,未知,金嵌珠七珍，清，高44厘米，底径16×11.5厘米。七珍，亦称七政宝，为佛前供器，原为古印度神话中转轮王福力所生之宝。一为轮宝，降伏四方恶魔；二为白象宝，佛以形象教人；三为绀马宝，驱驰四方，跋涉生死大海；四为神珠宝，净浊水；五为玉女宝，为转轮王之供养；六为主藏臣宝，掌宝藏；七为将军宝，是转轮王的护法神。此七珍用金成造，满嵌珠石，做工精细，是宫中法器的代表作品。
金银锡器,金云鹤纹水瓶,清,http://www.dpm.org.cn/Uploads/Picture/dc/50599.jpg,金器,金云鹤纹水瓶，清，高28厘米。水瓶为黄金质。圆形，有盖，通体錾云鹤纹。水瓶与提炉、啐壶、香盒、盥盆等组成“金八件”，是皇帝、皇后、妃嫔等的卤簿仪仗中的重要礼仪器物。据档案记载，此器应为妃嫔卤簿中的一件。
金银锡器,银累丝烧蓝五蝠捧寿委角盒,清,http://www.dpm.org.cn/Uploads/Picture/dc/23389.jpg,银器,银累丝烧蓝五蝠捧寿委角盒，清，长16.5厘米，宽12.3厘米，高9厘米。盒为银胎，四方委角形，左右两侧设铜镀金提环。各面均以料石围边，内嵌开光，开光内饰银累丝花叶纹及烧蓝花卉、动物等纹饰。特别是盖面的制作更为精致：四角各錾刻松鼠，活泼可爱，中间嵌烧蓝五蝠捧寿纹。此盒的银累丝制作精良，技艺高超，细微处亦精益求精，可谓累丝工艺中的精品。此盒作工精细，富丽堂皇，当为后妃盛首饰之用。
金银锡器,银错金寿字火碗,清,http://www.dpm.org.cn/Uploads/Picture/dc/23401.jpg,银器,银错金寿字火碗，直径16厘米，高21厘米。清宫旧藏。火碗银质，采用银错金工艺。此件器物分为火碗、碗架和酒精碗三个部分，各部分可分开。火碗直口，平沿，深腹，带盖，在碗盖及碗身錾刻“寿”字。碗架为三角支架，如意形状，下设酒精小碗。使用时将酒精点燃，即可使碗内食物保温。此火碗由清宫造办处制造，它是皇帝举行寿宴时的专用食物器皿，也是宫中具有代表性的美食器具。
金银锡器,金累丝嵌松石斋戒牌,清,http://www.dpm.org.cn/Uploads/Picture/dc/25611.jpg,金器,金累丝嵌松石斋戒牌，清，牌长8.40厘米，宽4.10厘米，厚0.50厘米。清宫旧藏。斋戒牌长圆形，边缘为累丝卷云纹，中部累丝四朵梅花，一面嵌青金石“斋戒”二字，一面为满文。上下嵌松石，上为兽面纹，红珊瑚为眼，青金石为眉。以丝绳、珍珠、红珊瑚蝙蝠穿系。斋戒牌是清代皇帝及文武官员祭祀时挂于身上的警示牌。雍正十年（1732年），雍正皇帝认为内外大小官员虽设斋戒牌于官署，但恐言动起居之际稍有懈慢，故酌定斋戒牌的样式，缩小尺寸，谕令各官员将斋戒牌佩于心胸之间，并得彼此观瞻，以期简束身心，竭诚致敬，不稍放逸。
金银锡器,金镂空嵌松石扳指盒,清,http://www.dpm.org.cn/Uploads/Picture/dc/23134.jpg,金器,金镂空嵌松石扳指盒，清，高2.6厘米，径3厘米。扳指盒圆柱状，天盖地式。盒上錾刻镂空缠枝花，花芯嵌绿松石。有黄丝带纵向穿过盒中心，两端各系红色珊瑚珠一粒。扳指盒用于盛放扳指。因清代男子流行拥有扳指，因此扳指盒的制作量很大，其质地、种类繁多。此扳指盒金的成色为赤金，颜色金黄，錾刻工精，是清代男子身上非常有代表性的装饰品。
金银锡器,金累丝嵌松石火镰套,清,http://www.dpm.org.cn/Uploads/Picture/dc/23133.jpg,金器,金累丝嵌松石火镰套，清，长8.7厘米，宽6.5厘米。火镰套为扁葫芦形，金质累丝，两面满嵌绿松石小朵花，黄丝带上系红珊瑚珠一粒。此件火镰套工艺极其复杂和精致，它与一件赤金嵌松石镂空扳指盒同挂于一付吉服带之上。火镰是古代的燃火工具。在火镰套内一般装有火镰、火绒、火石，使用时用火绒包住火石与火镰刃磨擦，使之燃烧。清代，火镰套成为男子出门时的随身之物，许多火镰套做工精致，外观美丽，颇具观赏价值。
金银锡器,银寿字火锅,清,http://www.dpm.org.cn/Uploads/Picture/dc/15905.jpg,银器,银寿字火锅，清光绪，高30厘米，直径32厘米。清宫旧藏。火锅银质，由锅、盖、烟囱、闭火盖组成，锅内带炉，可用于烧炭。火锅的闭火盖上雕有镂空“卐”字纹，锅体满布金银圆“寿”字、长“寿”字、蝙蝠纹等，寓“福寿万年”之意。此锅用料讲究，做工精细，造型完美，为清代晚期慈禧太后经常使用的火锅。火锅在清宫中又称热锅，其质地有陶瓷、纯银、银镀金、铜、锡、铁数种。其基本形式有两种：一种为组合式，由锅、炉支架、炉圈、炉盘、酒精碗5部分组成，可以同时上桌烧煮食物，也可单独用锅温食品。另一种为锅中带炉，炉内烧炭火，能把水烧开，生鱼、生肉、蔬菜等放入沸水中可以煮熟。此件火锅属于第二种类型。
金银锡器,金嵌玉石葫芦式盒,清,http://www.dpm.org.cn/Uploads/Picture/dc/20048.jpg,金器,金嵌玉石葫芦式盒，清，高6厘米，长15厘米，最宽10.5厘米。盒九成金制，累丝工艺，为葫芦形状。盖面嵌玉质大葫芦一个，大葫芦上嵌一青金石小葫芦及枝叶。盖面另嵌有粉色碧玺葫芦、翠玉小葫芦各一，并有青金石、绿松石制作的枝叶和藤蔓。盒内附蓝宝石一块、铜镀金小如意一枚。葫芦为藤本植物，藤蔓绵延，结食累累，籽粒繁多，故被视作象征和祈求子孙万代的吉祥物。葫芦蔓上结着数个葫芦的图案被称为“子孙万代”。葫芦又谐音“福禄”，有福禄万代、喜福无边之寓意。
金银锡器,金錾云龙纹葫芦式执壶,清,http://www.dpm.org.cn/Uploads/Picture/dc/20047.jpg,金器,金錾云龙纹葫芦式执壶，清，通高28.8厘米，口径5.3厘米，足径10.1厘米。执壶为七成金质，成色较好。整体呈葫芦形，圆形口、足。壶身通体錾刻云纹，云海中錾二龙戏珠纹。执壶有盖，盖及壶身分别镶嵌珍珠及红宝石、绿松石、珊瑚石、青金石等各色宝石。近足处錾刻海水江牙纹。执壶有兽吞式流，流与壶之间有横梁相接。柄为龙形，柄与壶盖之间有金链相连。此执壶的制作采用了錾刻和镶嵌两种工艺，錾刻的图案轮廓线凸起，而镶嵌的珍珠及各色宝石使其显得更加豪华富丽。此执壶有一对，应为皇帝、皇后举行盛宴时的御用酒具。
金银锡器,金嵌紫檀柄玉顶果叉,清,http://www.dpm.org.cn/Uploads/Picture/dc/20044.jpg,金器,金嵌紫檀柄玉顶果叉，清，通长21.8厘米。果叉金质。木柄安装处錾牡丹纹饰，镶有紫檀木柄。木柄上以金银丝嵌48个“寿”字，顶端镶嵌白玉雕花顶。果叉为宫廷饮食器具之一，其装饰多在柄部，一般嵌有金、银、玉、木、牙、骨及珐琅等等，造型各异，种类繁多，工艺精湛。此件果叉之金镶玉的做法应源于等级制度的规定，说明此器是帝后重要典礼中的用品。其上装饰寿字，则可推断此叉是为某位皇帝或皇后过生日而特制的。
金银锡器,金嵌紫檀柄玉顶漏匙,清,http://www.dpm.org.cn/Uploads/Picture/dc/20042.jpg,金器,金嵌紫檀柄玉顶漏匙，清，通长17.9厘米，最宽4.9厘米。漏匙七成金质。匙体镂空錾莲瓣纹，并镂空錾刻出双蝠及“卐”、“寿”字样，木柄安装处錾牡丹纹。紫檀木柄呈弯弧状，其上镶嵌银丝缠枝花纹，柄端镶青玉雕琢的兽首。此匙采用镂空工艺制成漏匙，样式罕见，具体作用不详。其做工精致繁复，在一只小小的漏匙上集中了镂空、錾花、金镶木柄、木柄嵌银丝、木柄嵌玉等多种工艺手法，实为不易。
金银锡器,紫檀镶金嵌玉箸,清,http://www.dpm.org.cn/Uploads/Picture/dc/20041.jpg,金器,紫檀镶金嵌玉箸，清，通长28.7厘米。箸成对。每支由四截组成，从上至下的材质依次为紫檀、玉、紫檀、金。其中两段紫檀均嵌金银丝花纹，金、玉两截皆光素。箸之端头为玉莲苞式顶。箸，俗称筷子，为饮食器具。此箸应与金镶紫檀柄玉顶果叉和金镶紫檀柄玉顶漏匙为一套。
金银锡器,金錾团寿囍字茶碗,清,http://www.dpm.org.cn/Uploads/Picture/dc/20037.jpg,金器,金錾团寿囍字茶碗，清，高6厘米，口径9.5厘米，足径5.1厘米。茶碗为八成金质。圆形，口微外撇。内壁光素，外壁口沿上錾刻回纹一周，腹部饰錾花锦地，上有团寿及囍字各四个，近足处饰莲花纹一周。圆形底足，足部饰回纹一周。足底刻“同治十一年二两平重七两四钱二分”15字款识。此茶碗制作工艺精致，錾刻的纹饰与字体规整、优美，为清代晚期宫廷金质藏品中的珍宝。此类金制品即使在清宫亦非皇帝日常所用。它是按照《大清会典》要求的式样制作，并按照国家制度仅在皇帝大婚、万寿等典礼中使用。
金银锡器,八成金带座佛龛,清,http://www.dpm.org.cn/Uploads/Picture/dc/19259.jpg,金器,八成金带座佛龛，清，通高12.5厘米，长8.6厘米，宽4.6厘米。佛龛八成金质，正面镶玻璃，周边为累丝缠枝莲花纹。佛龛顶部、底部及侧面均饰累丝卷草纹。背面有银质插门，周边亦为累丝缠枝莲花纹。插门上刻汉文“乾隆三十一年（1766年）九月初三日，钦命阿嘉胡士克图认看供奉利益番造手持金刚”31字以及满文、藏文题记。佛龛下部有金座，束腰式，錾刻莲瓣纹。座底刻佛花一朵。佛龛内供奉一尊小佛像，佛的头部描金，右手持金刚杵一。此佛龛质地优良，小巧精致，是藏族僧人和信徒们为了表示虔诚，随身携带用以随时随地供佛的小佛龛。
金银锡器,金嵌石圆盒,清,http://www.dpm.org.cn/Uploads/Picture/dc/19271.jpg,金器,金嵌石圆盒，清，通高4.1厘米，径7.5厘米。盒为九成金质，圆形。盖面錾刻米珠纹锦地，其上以粉、绿、蓝、红等各色碧玺镶嵌朵云、蝙蝠图案。盖边镶嵌碧玺菊花纹。盖的折沿处及盒身底边錾刻变形的“卍”字不断纹。盒底部有“宝华”、“足金”戳记。在清代宫廷中，此种盒一般为后妃们用于盛放胭脂等物品。此盒的錾刻工艺极其精致，并镶嵌各色碧玺组成图案，更显珍贵。
金银锡器,赤金錾花餐具,清,http://www.dpm.org.cn/Uploads/Picture/dc/19263.jpg,金器,赤金錾花餐具，清，一套6件。碟高1.9厘米，口径7.9厘米；小碟高1.5厘米，口径6.5厘米；单耳杯高2.6厘米，口径4.4厘米；叉长16.9厘米，最宽3.5厘米；勺长16.7厘米，最宽3.5厘米；箸长24.2厘米，最宽0.5厘米，链长7.5厘米。餐具由碟、小碟、单耳杯、叉、勺、箸组成。碟为扁圆形，敞口，圈足。内心錾刻团龙纹，周围錾以八宝纹，近口沿处有小朵花纹及菱形花纹一周。足外墙有回纹，足底刻“北京”、“中原”、“足赤”等戳记。小碟为圆形，敞口，圈足。内心凹下以承单耳杯，錾刻团龙纹，四周有八宝纹、小朵花纹及菱形花纹。足外墙刻回纹一周。此碟实为杯托，与单耳杯配成一套使用。单耳杯为圆形，撇口，圈足。腹部外壁錾刻轮、螺、伞、盖、花、罐、鱼、肠八宝纹，近口沿处有小朵花纹和菱形纹。足外墙为回纹一周。杯一侧凸雕花叶形单耳。足底刻有“北京”、“中原”、“足赤”等戳记。此杯之足恰纳入上一件小碟的内心凹处，为一套。叉有三齿，其柄部錾刻八宝纹饰中的花、罐、鱼、肠四种图案，中部錾刻一正面团龙纹。柄背面刻有“北京”、“中原”、“足赤”等戳记。勺呈椭圆莲瓣形。勺内錾刻正面团龙纹，毛发乍起，身曲屈盘绕，两前爪高举于头部两侧，全身祥云围绕，周边为朵花纹及菱形花纹。柄部錾刻八宝纹中的轮、螺、伞、盖四种图案。柄背面有“北京”、“中原”、“足赤”等戳记。箸为一双，上方下圆形，上半截方形的四面均錾刻八宝纹，顶端有环，两支有活环金链相连。中部均刻有“北京”、“中原”、“足赤”等戳记。此6件餐具金质成色为足赤，色泽黄亮，熠熠生辉，錾刻细腻，纹饰清晰，工艺极精。6件餐具共盛于红木匣中，内有一锦条，上书“北京廊坊头条”、“中原金珠店监制”。此为溥仪当年在天津盐业银行的抵押物，1951年回归故宫。
金银锡器,金嵌珠“万寿无疆”杯盘,清,http://www.dpm.org.cn/Uploads/Picture/dc/19988.jpg,金器,金嵌珠“万寿无疆”杯盘，清，通高7.3厘米，杯口径7.1厘米，盘高2.2厘米，盘径18厘米。金杯为圆形，敞口，圈足。内壁光素，外壁錾刻双龙，间饰宝相花，近底处有海水纹一周。杯两侧分别镂空透錾篆书“万寿”、“无疆”为耳，双耳顶端均饰莲花托，上嵌东珠。金盘亦为圆形，折沿上錾宝相花一周，等距嵌饰东珠4颗。盘内錾朵云纹、莲花纹，嵌珍珠4颗。盘心起杯托，其上錾刻云龙纹。此杯盘金质上乘，造型端庄，装饰华丽，工艺极其精湛，应是清代中期皇帝寿辰时所使用的酒具。
金银锡器,金葫芦,清,http://www.dpm.org.cn/Uploads/Picture/dc/19261.jpg,金器,金葫芦，清，长17.2厘米，宽8.4厘米。作品八成金质，为剖开的半个葫芦。器身外有葫芦藤叶缠绕，并有盛开的花朵，花瓣上有昆虫趴卧。葫芦原为藤本植物，藤蔓绵延，果实累累，籽粒繁多，故被视作象征子孙万代的吉祥物。此器为一对，金质成色好，做工精致，是清代中晚期时的陈设用品。
金银锡器,金嵌玉石佛塔,清,http://www.dpm.org.cn/Uploads/Picture/dc/19270.jpg,金器,金嵌玉石佛塔，清，通高82厘米，底径36×36厘米。宝塔九成金制，为藏传佛教塔式。底为正方形须弥座，四周錾刻铃杵纹、莲瓣纹及双狮纹。须弥座上是四层圆台，台周边饰莲瓣纹并錾刻满文。塔腹以八个口含缨络的兽头为饰，缨络皆为绿松石珠镶嵌而成。塔身正中有龛门，外有玻璃罩。塔刹十三层，錾刻满文，四竖行绿松石珠镶嵌其中。塔顶上为黑、白玉石装饰的日、月及嵌红宝石的宝珠。整个塔身还嵌有碧玺、青金石、珊瑚石等各色珠石。此宝塔金壁辉煌，錾刻的纹饰精美，加之各色石料镶嵌其间，美观而华丽。
金银锡器,金印池匣,清,http://www.dpm.org.cn/Uploads/Picture/dc/19262.jpg,金器,八成金印匣，清，匣高27.6厘米，腹径24.5厘米，池高9.7厘米，径20.3厘米。印匣内置印池，合为一套，均为八成金质，成色尚好。匣体呈方形，盖面呈拱起的梯形。印池边沿外折，置于印匣之中，为存放印玺之用。印匣正面有扣别以供开合，两侧各备有四个提手，可系绳。清代帝后的印玺皆备有印匣、印池作为存放印玺之用。印匣外再套用贵重木质印玺盒成为一套印玺存放用具。
金银锡器,金鹤式香熏,清,http://www.dpm.org.cn/Uploads/Picture/dc/19269.jpg,金器,金鹤式香熏，清，一对，通高98厘米，底座33×21厘米。鹤为金质，呈昂首站立鸣啼状，通身錾刻羽纹。腹部内空，可贮香料，其上履羽翅为盖，香气通过张开的鹤口飘出。底置一山石形铜铅座，鹤之双足底出榫，可插于底座之上。此对香熏錾刻细腻，鹤身的羽纹、腿部关节、爪部指甲都力求写实。整体比例合理，姿态挺拔。香熏为清代宫廷的陈设用品，置于宝座地平上的两侧。清代香熏的样式很多，由不同材质制作，如珐琅，玉质等等，是大殿堂中的重要陈设品。
金银锡器,金錾缠枝莲纹执壶,清,http://www.dpm.org.cn/Uploads/Picture/dc/19226.jpg,金器,金錾缠枝莲纹执壶，清，高30.8厘米，宽27厘米。执壶为五成金质，直口，直颈，壶身呈葫芦形，象首流，龙首柄，高圈足，有双层莲瓣纹盖。通体錾刻缠枝莲花纹。此执壶造型优雅，线条流畅活泼，錾刻的纹饰极其精细繁复，金色的质地与精美的纹饰相得益彰。此种执壶即可陈设也可使用。
金银锡器,金累丝镶珠石香囊,清,http://www.dpm.org.cn/Uploads/Picture/dc/19231.jpg,金器,金累丝镶珠石香囊，清，长7.2厘米，宽5厘米，厚2.2厘米。香囊九成金质，长方委角形，周身由镂空的累丝花瓣组成。两面均有嵌珍珠花树，叶为点翠，边沿镶嵌绿松石珠一周。香囊上下均有丝绳及红色珊瑚珠为饰。中空，一端有一活动插钮，可启闭。清代香囊的种类很多，金质香囊有圆形和长方形，一般多镂空，可放入香料或鲜花的花瓣，系于腰间，是清代的服装佩饰之一。
金银锡器,金兽面纹方瓶,清,http://www.dpm.org.cn/Uploads/Picture/dc/19225.jpg,金器,金兽面纹方瓶，清，高20.5厘米，口径9.2×7.3厘米，足径9.7×7.7厘米。瓶九成金质，长方形，撇口，短颈，束肩，腹下敛，足外撇。瓶身纹饰仿青铜器花纹：通体錾刻回纹锦地，正、背面的腹部主题纹饰为錾花饕餮雷纹，口沿下、足上部及两侧面錾刻变形的兽面纹等。此器形制规整庄重，其上所刻纹饰为清代典型的仿古青铜器纹饰，充分显示出宫廷皇家所用器物的气派。
金银锡器,金弥勒菩萨像,清,http://www.dpm.org.cn/Uploads/Picture/dc/19224.jpg,金器,金弥勒菩萨像，清，高48厘米，宽18厘米。菩萨像为八五成金质，立式。戴活动五佛冠，头顶一小佛塔，面相平和，双目微微抬起平视前方，大耳垂肩，戴耳饰。项部及全身披挂缨络，一手举于右侧胸前，另一手穿过花枝置于身左侧。身两旁各插宝相花一枝，花心分别镶嵌法轮、佛花。底座为单层椭圆形莲瓣纹座。此弥勒菩萨像面部丰润饱满，神态安详平和，造型优雅，做工精致，为清代金佛像中的精品。
金银锡器,金累丝万年如意,清,http://www.dpm.org.cn/Uploads/Picture/dc/19223.jpg,金器,金累丝万年如意，清，长42.7厘米，柄宽5.4厘米，头最宽11.3厘米。如意为木胎，其上采用八成金质累丝工艺。如意头的正面为累丝古钱纹，中心嵌绿松石“乙酉”二字，背面为镂空的古钱纹并露出木胎。柄的正面亦为累丝古钱纹，镶嵌绿松石“万年如意”四字，背面为累丝六角锦纹。如意的侧边以卷草纹为饰。此如意为一套60柄之一，是乾隆皇帝六十寿辰时王公大臣们的进献之物。各如意头正面分别镶嵌“甲子”、“乙丑”、“癸亥”等干支记年字样，正合六十甲子一周。如意的做工精湛、细腻、繁复，是清代乾隆时期的典型作品。
金银锡器,锡刻诗句鼓式温壶,清,http://www.dpm.org.cn/Uploads/Picture/dc/14042.jpg,锡器,锡刻诗句鼓式温壶，清，高11.9厘米，口径7厘米，底径6.3厘米。温壶整体造型为鼓形，由盖、外套、内壶三部分组成。盖、外套为铜质，内壶为锡质。盖立壁与外套下部近足处均饰有乳钉，风格质朴古拙。外套两侧有兽头衔环，壶嘴流短、出于肩部近口处有壶嘴。内壶有提梁。铜外套上刻有诗文：未识酒中趣，空为酒所茕。以文常会友，惟德自成邻。温壶使用时，将热水注入外套内，再置入装好酒液的内壶。使用此法烫酒比用炭火直接加热更卫生清洁，且外套中的热水可随时更换，而使酒液得以持续保温。此壶做工考究，是一件难得的酒具。
金银锡器,桃式倒流锡壶,清,http://www.dpm.org.cn/Uploads/Picture/dc/14043.jpg,锡器,桃式倒流锡壶，清，通高12.9厘米。壶锡质。壶体为硕大的桃形，流、柄均作桃枝状，壶底有圆口。腹部一面刻有诗句：“武陵如可问，载酒任怡情。”另一面刻：“一枝娇欲助”及“王胜万制”名款。此壶的特点在于“倒流”，因壶上无口，使用时需先将壶倒置，由壶底的圆口注入酒液，再翻转过来往杯中注酒，因而得名“倒流壶”。此壶造型最早出现于宋代瓷器中，这件锡制壶即以瓷壶为蓝本创作而成。
金银锡器,石梅款锡套紫砂里方斗杯,清,http://www.dpm.org.cn/Uploads/Picture/dc/14044.jpg,锡器,锡套紫砂里方斗杯，清道光，高2.7厘米，口径5.8×5.8厘米，底径3×3厘米。此杯外体为锡质，方斗形，白玉柄，内里为江苏宜兴紫砂挂蓝釉。锡套上刻有“愿持此斗浥酒浆，黄姑织女同飞觞”诗句及“戊子蒲夏石梅作”款。“戊子”为清道光八年（1828年），“石梅”即清代著名的茗壶锡器制作大师者朱坚。此杯风格素雅，造型小巧而不失庄重，颇具古风，为朱坚石梅的代表性作品。
金银锡器,银烧蓝暖酒壶,清,http://www.dpm.org.cn/Uploads/Picture/dc/14041.jpg,银器,"银烧蓝暖酒壶，清，高9.7厘米，口径6.8厘米，足径6.8厘米。清宫旧藏。壶银质，由内壶和外套两部分组成。外套为六棱柱形，六角下各有一足。套身六面分别錾刻梅、兰、竹、菊、荷花等纹样，并施以烧蓝色为主的多彩珐琅料彩。内壶为圆柱形，有流、盖及双提梁，为盛酒器。内壶与外套之间有较大空间，用于盛装热水。此壶是一件暖酒器。此暖酒壶造型独特，做工考究，纹饰生动，色彩艳丽，为清代皇家专用之酒具。"
金银锡器,银錾花梅花式杯,清,http://www.dpm.org.cn/Uploads/Picture/dc/14040.jpg,银器,银錾花梅花式杯，清，高3.3厘米，口径5.5厘米，足径2.7厘米。清宫旧藏。杯银质，口呈五瓣梅花状葵口，足亦为梅花形。杯身五5个委角开光内各錾刻凸起的花朵为饰，杯柄镂雕花及花叶。清代金、银器加工在继承前代工艺的基础上继续发展，技术更加精湛，尤其是康熙和乾隆时期，金银錾刻工艺更趋于华贵富丽的风格，装饰效果极强。此杯造型精巧，雕琢细腻，反映出清代金银器加工制作的工艺水平和风格特点。
金银锡器,银温酒器,清,http://www.dpm.org.cn/Uploads/Picture/dc/14039.jpg,银器,银温酒器，通高8.8厘米，口径6.5厘米。清宫旧藏。温酒器银质，似今酒精炉之结构，整器由支架和盖杯两部分组成。架为3足托一圆盘，用于盛放酒精等液体燃料。支架上置圆盆形盖杯，杯内可盛酒，加热后饮用。此温酒器做工精巧，造型新颖别致，应为清代中晚期作品。
金银锡器,银烧蓝累丝圆盒,清,http://www.dpm.org.cn/Uploads/Picture/dc/13428.jpg,银器,银烧蓝累丝圆盒，清，口径9.5厘米，足径6.1厘米，高3.9厘米。清宫旧藏。盒银胎。扁圆体，圈足。以粗银丝做骨架，再以细或较细的两种银丝累、掐而成。盖边分八组，累丝卷草掐丝卷须焊底，缀及八瓣掐丝菊花，掐丝卷须焊底，填烧蓝、绿亮色透明硬珐琅。盒身装饰与盒盖一一对应。下层累丝卷草花；上层掐丝八瓣菊花及卷草，叶填蓝、绿两种透明珐琅。圈足。此器是银累丝与透明珐琅相结合的复合工艺品，成于清代中期，为清内廷陈设中极为少见之物。
金银锡器,银累丝花瓶,清,http://www.dpm.org.cn/Uploads/Picture/dc/13427.jpg,银器,银累丝花瓶，清，口径10.5厘米，底径9.8厘米，高17．1厘米。清宫旧藏。银胎，侈口，垂腹大肚，台足。用三种粗细不等的银丝累成：以甚粗的银方丝焊结成器形为胎；用较粗的银圆丝累卷草图案；用细圆丝在轮廓外累卷须。瓶口、身胴呈十二棱形，每棱均弧面，两棱相结处下陷，成三角沟状，与通常瓜棱式瓜菊瓣处理手法不同。累丝卷草纹也与清皇家工艺品常用的卷草迥然有别。此瓶通身累丝灵透，饶有异趣，系清代回部工匠所制，足以代表清代中期新疆银累丝的工艺水平及其地方风格。
金银锡器,金立双凤盥盆,清,http://www.dpm.org.cn/Uploads/Picture/dc/13426.jpg,金器,金立双凤盥盆，清，盆边径43厘米，底径32.7厘米，高9厘米。清宫旧藏。八成金胎，以锤鍱、錾镌之法制成。折沿平底。平沿铆焊金鍱錾花隐起的双角、宝瓶、银锭、石榴、祥云、宝珠、法轮、双卷、双钱、华盖、金杵、鱼等十二杂宝吉祥图案。底内后嵌之金锤鍱錾镌花纹中立双凤和三朵宝相花。《钦定大清会典》载，皇太后、皇后仪驾、盥盆。范金为之，形圆，十二棱，高三寸九分，口径一尺二寸九分，边镌花纹八宝。底径一尺一寸，钑花纹，中立双凤。此盥盆形制、花纹与上述记载不同，所以不是乾隆时代的盥盆。细查此光素金盆系明代范铸，而吉祥图案、双立凤、宝相花应是顺治时后嵌，用于皇太后、皇后仪驾。在现存宫帷金器中诚属罕见，也反映了清初宫内仪驾的不完善及其草创情况。
金银锡器,金嵌宝石镂空花卉纹八角盒,清,http://www.dpm.org.cn/Uploads/Picture/dc/4342.jpg,金器,金嵌宝石镂空花卉纹八角盒，高6.9厘米，长15厘米。此盒用金成色较高，盒上以镂雕、累丝及镶嵌三种工艺组成不同的纹饰，共镶翠、蓝宝、红宝、碧玺等上好的各色宝石318粒。清代金器承袭明代金器多镶嵌的特点并有所发展，工艺水平有所提高，纹饰较明代繁缛复杂。据记载，1928年12月5日，北平特别市政府清查颐和园物品委员会在仁寿殿共清点出两件与此件相同的金盒。
金银锡器,金錾花葫芦式执壶,清,http://www.dpm.org.cn/Uploads/Picture/dc/4435.jpg,金器,金錾花葫芦式执壶，通高30.4厘米，柄流最宽处27厘米，足径10厘米。壶呈葫芦形，兽吞式流，龙形柄，扁圈足。盖上饰花蕾形钮。器身上以錾刻和镂雕的技法雕刻云龙纹，器底刻铭文“四十六两六钱五分”。此金执壶是清代皇帝的御用酒具，其上錾刻的图案豪华富丽。
金银锡器,雍正款银提梁壶,清雍正,http://www.dpm.org.cn/Uploads/Picture/dc/1350.jpg,银器,雍正款银提梁壶，清雍正，通高10.2厘米，口径3.2厘米。壶扁圆形，鼓腹，平底，圆形盖，小短流。口上有弓身螭形小提梁，盖与口间有按钮相连，压按钮则盖可开启。壶通体光素，洁净光亮，壶底正中竖刻篆书“大清雍正年制”六字款，款左侧竖刻篆体“矿银成造”四字铭文。故宫博物院收藏此类银壶仅两件，其造型小巧玲珑，螭形提梁形象生动，做工精湛，尤其是壶盖开关处的设计独特巧妙，不知者不易将盖打开。整个壶面虽无纹饰，但独具一格，是雍正朝银器的成功之作。
金银锡器,金錾花如意,清中期,http://www.dpm.org.cn/Uploads/Picture/dc/50601.jpg,未知,金錾花如意，清中期，长58厘米，首宽16.5厘米。器身上部弧凸，背部扁平，首、中、尾三部分外膨呈椭圆式，其形制是仿照清中期宫廷流行的三镶如意的式样而制。通体錾刻镂雕缠枝花，花纹繁复，玲珑剔透。其内中空，首、中、尾三部分分别设随形椭圆盖，以合页与器身相连，可以放置香料，设计极为巧妙。三个盖面均以碧玺为花瓣、珍珠为花芯、红宝石为花瓣、翡翠为叶片组成花卉图案。在盖上一周、整器上部边缘一周和背部边缘一周均满嵌碧玺、翡翠、蓝宝石、料珠等，形成颜色相间的宝石装饰带，其用量超过百颗。配黄色寿字结并下连丝穗。
金银锡器,金瓯永固杯,清乾隆,http://www.dpm.org.cn/Uploads/Picture/dc/1642.jpg,金器,金瓯永固杯，高12.5厘米，口径8厘米。杯金质，鼎式，圆形，直口。口沿錾回纹一周，一面中部錾篆书“金瓯永固”，一面錾“乾隆年制”四字款。外壁满錾宝相花，花蕊以珍珠及红、蓝宝石为主。两侧各有一变形龙耳，龙头上有珠。三足皆为象首式，象耳略小，长牙卷鼻，额顶及双目间亦嵌珠宝。乾隆年间，清宫造办处制造了各式酒杯，其中不乏龙耳作品，且式样颇多，但这种以象鼻为足的作品却很少。这件金杯的设计及加工皆属上乘，是皇帝专用的酒杯。
金银锡器,乾隆款银鎏金錾花葫芦式执壶,清乾隆,http://www.dpm.org.cn/Uploads/Picture/dc/1353.jpg,银器,乾隆款银鎏金錾花葫芦式执壶，请乾隆，通高48厘米，口径7.5厘米。壶银质局部鎏金，葫芦式，塔形盖，盖上有钮。腹部凸出一龙首吐长流，相对一侧有龙首吐曲柄。壶底中心双线长方框内阴刻楷书“大清乾隆年制”六字款。通体錾刻纹饰，从上至下分三组，每组四面的中心均为一大朵宝相花，周围六朵小宝相花，枝叶相连，花朵均鎏金。塔形盖上錾刻莲瓣纹，葫芦体上半部有两道弦纹，弦纹之间为两周枝叶纹。此壶形体巨大，造型规整，实用，是皇帝出游打猎时的用品，为乾隆时期大型银器中的佼佼者。
金银锡器,银錾花梵文贲巴壶,清乾隆,http://www.dpm.org.cn/Uploads/Picture/dc/1351.jpg,银器,银錾花梵文贲巴壶，通高21.2厘米，口径1.3厘米，底径9.8厘米。壶银质。小口，口衔长曲流，束颈，鼓腹，腹下凸出一仰首兽头。壶上有盖，下有蕃莲花底座。，腹部以缠枝莲花纹为底，分布有银鎏金西番莲花托梵文佛教六字真言一周，壶盖、颈中部、腹下部、以及壶足底部的联珠装饰以饰银鎏金突出层次。蕃莲纹及多种花卉纹。壶底部有装饰一朵花。此银质贲巴壶造型奇特，做工精细，为宫中佛堂中的法器。
金银锡器,乾隆款银鎏金嵌珐琅砚盒,清乾隆,http://www.dpm.org.cn/Uploads/Picture/dc/1348.jpg,银器,乾隆款银鎏金嵌珐琅砚盒，清乾隆，长27.2厘米，宽22.1厘米，高22.5厘米。盒银质，长方形，有盖，下有如意式小足八8个，底部中央錾篆书“大清乾隆年制”六字款。通体錾花鎏金，并嵌烧蓝装饰。盒盖面錾刻缠枝花卉，中央嵌一银圆片，其上以烧蓝云龙戏珠纹装饰。器身錾刻夔龙纹，四壁正中均嵌有烧蓝装饰，纹样与盖面烧蓝相同。此砚盒做工极精，盒中置一长方形银屉，屉上有两个长方形砚池。盒外壁相对两侧的银圆片烧蓝装饰，内连一半圆形抽屉，拉出可存放墨锭于屉内。
金银锡器,银累丝双龙戏珠纹葵瓣式盒,清乾隆,http://www.dpm.org.cn/Uploads/Picture/dc/1346.jpg,银器,银累丝双龙戏珠纹葵瓣式盒，清，高6.3厘米，口径14厘米。盒为葵瓣式，下敛，随形圈足。盒体以细银丝累出缠枝花纹为地，其上用粗银丝掐成纹饰。盒盖中心圆形开光内饰双龙戏珠图案，其外八8个云头式小开光内饰八吉祥宝纹，盖边八8个开光内饰花卉纹。清代银器制造工艺在元、明两代的基础上有了突飞猛进的发展，至乾隆时期达到高峰。银器使用范围进一步扩大，器型增多，图案也有了很大的变化。此盒累丝细腻，纹饰清晰，图案精美，制作工细，充分反映了清代花丝镶嵌工艺的艺术风格和技术水平。
金银锡器,银刻花山水人物提梁壶,清乾隆,http://www.dpm.org.cn/Uploads/Picture/dc/1345.jpg,银器,银刻花山水人物提梁壶，清乾隆，通高31.5厘米，口径8厘米。壶银胎刻花，粗颈，橄榄肚，圈足。腹上一面一装龙首探出吞吐曲流，相对一面安环形，盖顶六面曲珠钮，各每面均刻折枝花，盖周饰云龙纹，有活环，壶身两侧“Ｓ”形柄穿越其中，使柄、盖相连。此壶通体刻纹精细，颈部刻松鼠葡萄纹，腹部以山水竹林为背景，分别刻携琴访友、饮酒赏月、读书听诗、老者对弈等山水人物图，近足处刻杂宝纹一周。此壶造型秀美，全部纹饰内填黑漆磨光，有工笔画之意境，是乾隆时银质酒具中的精品。
金银锡器,银奶茶壶,清乾隆,http://www.dpm.org.cn/Uploads/Picture/dc/9329.jpg,银器,银奶茶壶，清乾隆，通高29厘米，口径13厘米，足径11厘米。清宫造办处制造。清宫旧藏。壶为圆腹，龙身柄，兽吞流，有盖。通体为银质胎体上饰鏊刻花纹。盖和纽为杂宝纹和莲瓣纹。该壶为银白色，庄重、大气，是乾隆帝举办“千叟宴”时沏酥油茶的用具。酥油茶是蒙、藏人生活必需品，是一种味道独特的饮品。其做法为：先将茶砖熬成浓茶，之后加入少量的酥油、盐、牛奶，因而又称奶茶。藏民奶茶的饮用量非常大，因此盛装奶茶的器物非常多。这些器物的风格特点完全迥异于汉族，具有鲜明的地域性和民族特色。
金银锡器,金錾花高足托盖玛瑙碗,清乾隆,http://www.dpm.org.cn/Uploads/Picture/dc/51763.jpg,金器,金錾花高足托盖玛瑙碗，清乾隆，通高18厘米，碗口径14厘米，托径13.4厘米，足径9厘米。
金银锡器,金胎画珐琅杯盘,清乾隆,http://www.dpm.org.cn/Uploads/Picture/dc/51663.jpg,金器,金胎画珐琅杯盘，清乾隆，通高7.5厘米，杯口径5.5厘米，通宽9.3厘米，盘径18.5厘米。
金银锡器,金胎画珐琅人物花卉纹执壶,清乾隆,http://www.dpm.org.cn/Uploads/Picture/dc/51662.jpg,金器,金胎画珐琅人物花卉纹执壶，清乾隆，高18.7厘米，宽12.1厘米。
金银锡器,金胎画珐琅仕女执壶,清乾隆,http://www.dpm.org.cn/Uploads/Picture/dc/51661.jpg,金器,金胎画珐琅仕女执壶，清乾隆，高39厘米，柄流宽28厘米。
金银锡器,银镀金执壶,清乾隆,http://www.dpm.org.cn/Uploads/Picture/dc/51660.jpg,银器,银镀金执壶，清乾隆。
金银锡器,金嵌玉石松竹铲箸座,清乾隆,http://www.dpm.org.cn/Uploads/Picture/dc/51619.jpg,金器,金嵌玉石松竹铲箸座，清，高26.7厘米，宽10.3厘米。
金银锡器,金嵌珠石带座香盒,清乾隆,http://www.dpm.org.cn/Uploads/Picture/dc/51617.jpg,金器,金嵌珠石带座香盒，清，高11.2厘米，宽9.7厘米。
金银锡器,金嵌宝石朝冠耳炉,清乾隆,http://www.dpm.org.cn/Uploads/Picture/dc/51618.jpg,金器,金嵌宝石朝冠耳炉，清，高21厘米，宽16.2厘米。
金银锡器,金连三佛,清乾隆,http://www.dpm.org.cn/Uploads/Picture/dc/51645.jpg,金器,金连三佛，清乾隆，通高17厘米，座长21.8厘米，宽8.6厘米。
金银锡器,银烧蓝水烟袋,清乾隆,http://www.dpm.org.cn/Uploads/Picture/dc/23182.jpg,银器,"银烧蓝水烟袋，清乾隆，宽10.5厘米，厚5厘米，通高25厘米。清宫旧藏。烟袋为银质，由烟嘴、烟管、烟桶、毛刷、镊子组成。烟袋桶身为嵌透雕刻银烧蓝团“寿”字铜镀金装饰。清晚期宫廷内吸水烟成为时尚，烟具的制作水平也越来越精美，烟具在当时不仅仅是工艺技术的展示，同时也是一种身份的象征。"
金银锡器,金嵌宝石八宝,清乾隆,http://www.dpm.org.cn/Uploads/Picture/dc/3056.jpg,金器,金嵌宝石八宝，清乾隆，高49厘米，长15厘米，宽12厘米。八宝为佛教中的8件法器，按照《国朝宫史·卷十八》“恭进”中的排列，依次为金花、金盖、金螺、金轮、金伞、金肠、金罐、金鱼。每件法器的上部分别用金累丝制成莲花、华盖、法螺、法轮、伞、盘肠、罐、双鱼，其顶部有一火球，两侧有绶带。法器之下为荷花莲子托，托亦为金制，上面嵌有各色宝石，再下为支柱，支柱两侧有珐琅、点翠装饰，支柱之下为圆形金座，錾海水江崖纹，最下为紫檀木座。此金八宝为宫廷使用的供器，是皇太后做寿时地方官员恭进的寿礼。
金银锡器,金发塔,清乾隆,http://www.dpm.org.cn/Uploads/Picture/dc/2711.jpg,金器,金发塔，高147厘米，底座70×70厘米。塔由下盘、塔斗、塔肚、塔颈、塔伞及日月6部分组成，各层均于适当部位嵌珠宝、绿松石、珊瑚等。塔肚内供佛后置一盛发金匣，金匣正面饰六字真言、匣墙有八吉祥纹饰，下配白檀香木座。塔下承以紫檀木莲花瓣须弥座，塔座前正板上贴有“大清乾隆年敬造”款。乾隆四十二年(1777年)，乾隆帝的生母崇庆皇太后病逝于圆明园长春仙馆。乾隆帝为表示对已故母亲的孝敬，在其母去世不到一月时，即下诏制作金塔一座，专盛皇太后御发。金发塔共用黄金三千多两，由清宫造办处承做，并派遣大臣福隆安、和珅等督办。金发塔设计式样经乾隆帝钦定，而后经过三个多月的紧张赶制而成，安放在崇庆皇太后生前居住过的寿康宫东佛堂内。金发塔以盘纹焊接和锤胎錾花工艺制作，纹饰精美，造型高峻而玲巧，反映了清乾隆朝金属工艺的水平。
金银锡器,金嵌玉如意,清嘉庆,http://www.dpm.org.cn/Uploads/Picture/dc/51624.jpg,金器,金嵌玉如意，清嘉庆，通长30厘米，头宽6.5厘米。
金银锡器,银制咖啡具,清晚期,http://www.dpm.org.cn/Uploads/Picture/dc/23200.jpg,银器,银制咖啡具，清晚期，盘长32厘米，宽22厘米，高85厘米；杯高5厘米，直径3厘米；勺长10.5厘米。清宫旧藏。这套银制咖啡具是中西结合的产物，精微的玻璃杯具有西式小巧玲珑的特征，与之配合的咖啡勺柄上有清朝官员形象。整套咖啡具做工精巧，华贵高雅。
金银锡器,金錾花双喜圆寿字茶碗,清同治,http://www.dpm.org.cn/Uploads/Picture/dc/56292.jpg,金器,金錾花双喜圆寿字茶碗，清同治，口径9.6厘米，底径5.2厘米，高5.6厘米。金碗捶揲成型。碗腹錾刻几何纹地上间饰“囍”和团“寿”字。口沿及足錾刻回纹各一周，器腹下部近足处为仰莲纹一周。器底錾刻“同治十一年二两平重七两四钱一分”铭文。清同治十一年为1872年。此碗是同治皇帝大婚用品。清代金器往往在器底錾刻年款、重量，有的还有承做作坊的戳记。清晚期除造办处外，民间作坊也承接了不少皇室金器的制作。
金银锡器,银錾刻“卍”寿纹碗,清同治,http://www.dpm.org.cn/Uploads/Picture/dc/51625.jpg,银器,银錾刻“卍”寿纹碗，清，高8厘米，口径17.8厘米，足径8厘米。碗直口，弧腹。内壁光素，外壁錾刻长“寿”字，并以缎带“卍”字纹相连，下腹近足处錾刻海水江崖纹，寓意“万寿无疆”。碗口、碗足以回纹为装饰。
金银锡器,金云龙纹提炉,清同治,http://www.dpm.org.cn/Uploads/Picture/dc/50600.jpg,金器,金云龙纹提炉，清同治，炉高23厘米，口径17.2厘米，杆长103厘米。提炉以黄金制作。圆形，带镂空盖，炉身有三兽耳，下置三象首足。三耳系有三条金链，与紫檀木嵌金錾龙首杆相连。提炉底刻“同治十一年八成金二两平重一一二两九钱”。提炉为皇帝卤簿仪仗中陈设的器物。陈设时以皇帝升座处为中心，与啐壶、水瓶、香盒、盥盆等分左右置于红漆描金托盘和金杌之上。
金银锡器,金亭式香熏,清同治,http://www.dpm.org.cn/Uploads/Picture/dc/50597.jpg,金器,金亭式香熏，清同治，通高112厘米。香熏为一对，以黄金制作。顶部为六角形重檐帽；中部为圆筒，其上镂空“卍”和团寿字；下连五角形带栏基座。这对香熏上分别刻“一四二两六钱”、“同治十三年二两平八成金重一四二两三钱”，基座分别刻“一一一两四钱”、“同治十三年二两平八成金重一零九两八钱”。香熏一般用金、玉、珐琅等材料制成，为焚香之用。此对香熏应是陈设在皇帝御座之前。
金银锡器,金甪端香熏,清同治,http://www.dpm.org.cn/Uploads/Picture/dc/50595.jpg,金器,金甪端香熏，清同治，通高49厘米。甪端为一对，以黄金制作。其造型为独角，双耳，长方形鼓腹，昂首后仰，四足直立，下置錾花长方形座。这对甪端内分别刻“同治十三年八成金二两平重一六二两五钱”、“同治十三年八成金二两平重一六二两四钱”，底座分别刻“同治十三年八成金二两平重七十两七钱四分”、“同治十三年八成金二两平重六九两九钱一分”。甪端是中国古代传说中的一种神兽，据说能日行万里，好生恶杀。御座前陈设一对甪端是为彰显皇帝的圣明。清宫遗存的甪端以金、铜鎏金、碧玉、掐丝珐琅的为主。
金银锡器,银镂空錾花云龙双耳炉式花盆,近现代,http://www.dpm.org.cn/Uploads/Picture/dc/23926.jpg,银器,银镂空錾花云龙双耳炉式花盆，清晚期，口径15.5厘米，高19厘米，最宽18厘米。清宫旧藏。花盆为直口、平沿、短颈、鼓腹、圆底，附有底座，盆身上采用透雕工艺，雕刻二龙戏珠纹饰。腹两侧有飞龙形提耳，腹内配玻璃胆。该花盆造型精美，工艺精湛，是清宫廷生活中一件完美的工艺用品。
金银锡器,银蟠龙纹花瓶,未知,http://www.dpm.org.cn/Uploads/Picture/dc/56124.jpg,未知,银蟠龙纹花瓶，19世纪末，高39厘米，口径22厘米，底径9.5厘米。日本制造。清宫旧藏。此瓶喇叭形口，长颈，球形腹，底有圈足。瓶身腹部捶錾装饰：翻腾的海水中浪花飞溅，一长龙从瓶颈基部跃出波涛，以圆雕形式大海盘旋而上，龙身缠绕瓶颈，龙首贴近喇叭形瓶口下，头高昂，短粗的龙角竖立，伸出一龙爪擎一晶莹剔透水晶球一枚。，寓“龙戏珠”之意。银瓶为一对，是宫中的贡品，寓意“双龙戏珠”。每只花瓶皆附有黄条，其上墨书:“小村寿太郎进”字样。银瓶造型美观，纹样细腻生动，镶嵌的水晶球为器物增添了意异趣。依器物造型、龙纹特征，再参考黄条上进贡者的身份，此应确认银瓶应为日本制作，由小村寿太郎贡入清廷宫。
金银锡器,金宗喀巴喇嘛像,未知,http://www.dpm.org.cn/Uploads/Picture/dc/9322.jpg,未知,金宗喀巴像，清乾隆，通高58厘米，底径19×28厘米。宗喀巴像金质。面相慈祥安宁。座、背光、左右一对挂灯上遍饰绿松石、珊瑚、珍珠等贵重装饰物。六世班禅于清乾隆四十五年（1780年）从西藏来京为乾隆皇帝七十万寿祝寿时进献一尊精美的宗喀巴大师像，后清宫仿照六世班禅所献之像用黄金成造此像。宗喀巴（1357—1419年）是藏传佛教格鲁派创始人，本名“罗桑扎巴”，生于青海湟中，因藏语称湟中一带为“宗喀”，故被称为宗喀巴。
金银锡器,金累丝嵌珠宝塔,未知,http://www.dpm.org.cn/Uploads/Picture/dc/50898.jpg,未知,金累丝嵌珠宝塔，清，通高70厘米，底径38厘米。此塔有三大特色：一是用材名贵，塔身通体为黄金质；二是装饰华丽，遍身嵌饰珍珠、绿松石、青金石等，具有明显的西藏风格的装饰风味；三是形制独特，正中为中心塔，四周围绕着八座小塔，分别代表四方四维八个方向，是藏传佛教空间观念的体现。此塔是典型的胜乐金刚形式。
金银锡器,金嵌珍珠松石楼式龛,未知,http://www.dpm.org.cn/Uploads/Picture/dc/8404.jpg,未知,金嵌珍珠松石楼式龛，清，通高66厘米，长53厘米，宽23厘米。清宫中佛龛的形式有很多种，楼阁式是最为常用的一种。其形制仿汉地传统的楼阁式建筑，分上下两层，各开三间作为佛龛以供奉尊像。此龛不仅与建筑形制完全一致，而且用金成造，嵌松石、珍珠为饰，十分豪华。
金银锡器,金嵌宝石藏经盒,未知,http://www.dpm.org.cn/Uploads/Picture/dc/8403.jpg,未知,金嵌宝石藏经盒，清乾隆，高7厘米，长21厘米，宽8厘米。经盒是用来存放佛经的匣子。此两件经盒以金成造，嵌珍珠、红宝石、青金石等珠石为饰，显示出皇家的富贵之气。经盒盖里彩绘释迦牟尼佛与二弟子图，色泽鲜艳，当是宫中画师所绘。经匣中供满文写经——《大悲正经》，为梵夹装。
