文物类型,文物名称,时代,图片链接,分类,文物简介
音乐戏曲,“大圣遗音”琴,唐,http://www.dpm.org.cn/Uploads/Picture/dc/52967.jpg,乐器,“大圣遗音”琴，唐至德丙申，通长120.3厘米，隐间111厘米，额宽19.2厘米，肩宽20.2厘米，尾宽13.5厘米，厚5.2厘米。此琴为神农式，琴面浑厚略呈半椭圆状，项、腰作圆棱。通身栗壳色漆，局部有零星朱漆后补，发大小蛇腹断间细牛毛断纹。金徽。琴底发波浪形细纹断。圆形龙池，直径7.6厘米，扁圆凤沼，长12厘米，宽2.9厘米。琴面为桐木斫，色黄质松，纹直而密，纳音微隆起。紫檀岳尾，制作细润精致。额下由轸池向外微坡，护轸系原作，岳、尾均有后换痕迹，装旧青玉轸足一副，足雕葵瓣纹，轸作6棱尖底，系明黄丝绦长穗。琴池上方刻4厘米许草书“大圣遗音”4字，池下方刻8.1×7.6厘米细边粗笔方印，篆“包含”2字，池之两侧分别刻2厘米许隶书铭文：“巨壑迎秋，寒江印月。万籁悠悠，孤桐飒裂。”4句16字。龙池内两侧上下有3厘米许朱漆隶书腹款“至德丙申”4字。琴背铭文均系旧刻，曾填以金漆，字口均已断出。以指扣琴背，音坚松有回响，按弹发音清脆，饶有古韵。
音乐戏曲,“飞泉”琴,唐,http://www.dpm.org.cn/Uploads/Picture/dc/52920.jpg,乐器,“飞泉”琴，唐，通长121.6厘米，隐间111.8厘米，额宽18.5厘米，肩宽20.1厘米，尾宽14.4厘米，厚5.5厘米。“飞泉”琴，连珠式，晚唐制作。据云“连珠式”系隋逸士李疑所创作。杉木斫，髹栗壳色漆，有大块朱漆修补，纯鹿角灰胎，蛇腹间冰纹断。蚌徽，紫檀岳尾，白玉轸润若凝脂，青玉足。面板弧度较“九霄环佩”琴、“大圣遗音”琴为小，因而项腰内收处厚度已不大，故此琴只将底部两处的楞角做圆，面上略具圆意，应系晚唐雷氏琴。琴背铭刻，龙池上方刻草书“飞泉”琴名，篆书“贞观二年”双边方印。龙池下方篆文书“玉振”大方印，“金言学士卢讃”篆书双边长方印。池之两旁刻篆书琴铭：“高山玉溜，空谷金声。至人珍玩，哲士亲清。达舒蕴志，穷适幽情。天地中和，万物咸亨。”“飞泉”琴名、“玉振”印及篆书琴铭俱贴金，断纹已通，为同时旧刻。“贞观二年”与“金言学士卢讃”二印较晚，卢讃系五代与北宋间人。1936年，《今虞琴刊·古琴征访录》记载该琴有“古吴汪崐一重修”墨书款字，今已不可复见，以是知清代曾经剖腹。此器民国时期为李伯仁所藏，李氏《玄楼弦外录》记载得琴经过。约在1944年秋冬之际，“飞泉”被送至地安门大街某银号作借款抵押，经管平湖先生鉴定，其弟子程子容遂以重金入藏。1945年夏，“飞泉”送管平湖先生修理，随后抗战结束，此琴遂辗转于管先生弟子琴斋，解放后程子容方取回。1979年春夏之交，程子容从家乡平陆写信给当时的国家领导人，愿意捐献，以后经国家文物局批转，由故宫博物院收藏至今。
音乐戏曲,“玉玲珑”琴,唐,http://www.dpm.org.cn/Uploads/Picture/dc/52931.jpg,乐器,“玉玲珑”琴，唐，通长122厘米，隐间111.8厘米，额宽19厘米，肩宽19.6厘米，尾宽13.6厘米，厚4.8厘米。“玉玲珑”琴，凤势式，中唐制作。据云“凤势式”系魏杨英所创作，故亦有“魏扬英式”之称。黑漆，纯鹿角灰胎，发不规则小蛇腹断，从伤处与脱落漆片背面可知灰胎下有纹理疏松之黄色葛布作底。桐木斫，蚌徽，紫檀岳尾。红木足粘死，为后修者所为。全琴气象犹浑厚，项腰有做圆痕迹，额下亦坡出减薄。圆形龙池，扁圆凤沼。腹内纳音当龙池处隆起，当凤沼处于纳音上开一圆沟。这一特点已见于“九霄环佩”琴，此琴只出现于凤沼者盖乃龙池作圆形，自然不宜开沟。有关这一工艺特点见《东坡杂书·琴事》论雷琴“最不传之妙”所载，系盛唐雷琴所独有。琴背铭刻，龙池上方刻寸许行书“玉玲珑”琴名。池下曾有大印一方，文字为漆所掩已不可辨，而印痕宛然犹存。腹内未见款字。琴已伤漆多处，殃及题名。复经劣工修补，草率施漆，半途而废。“玉玲珑”琴原藏于湖南陈维斌氏，系购自杨伯修者，20世纪50年代初经郭沫若建议，将琴捐献国家，由当时文化部文物局接收，后拨交故宫博物院收藏至今
音乐戏曲,“九霄环佩”琴,唐,http://www.dpm.org.cn/Uploads/Picture/dc/25827.jpg,乐器,“九霄环佩”琴，唐，伏羲式，通长124厘米，隐间114.2厘米，额宽21.8厘米，肩宽21.2厘米，尾宽15.4厘米，厚5.8厘米。此琴传为盛唐雷氏作品。琴以梧桐作面，杉木为底。通体紫漆，面底多处以大块朱漆补髹，发小蛇腹断纹，纯鹿角灰胎。龙池、凤沼均作扁圆形，腹内纳音隆起，当池沼处复凹下呈圆底长沟状，通贯于纳音的始终。蚌徽，红木轸，白玉足镂刻精美，紫檀岳尾。护轸亦为紫檀木所作，可能是清代广陵派琴家徐祺所装。琴底龙池上方篆书“九霄环佩”琴名，下方有篆文“包含”大印一方。池右有行书“泠然希太古。诗梦斋珍藏”及“诗梦斋印”一方。池左行书：超迹苍霄，逍遥太极。庭坚。琴足上方行书：蔼蔼春风细，琅琅环珮音。垂帘新燕语，苍海老龙吟。苏轼记。凤沼上方有“三唐琴榭”篆书长方印一方，下方“楚园藏琴”印一方。此琴可追溯的藏家有晚清民初时期的叶赫那拉·佛尼音布，字荷汀，后易姓叶，名潜，字鹤伏，号诗梦斋。其后递藏者有“红豆馆主”爱新觉罗·溥侗，有刘世珩，即于琴上铭刻“楚园藏琴”、“三唐琴榭”者，再传子之泗，最后归藏刘晦之。1952年，由文物局郑振铎局长主持从刘氏购得入藏故宫至今
音乐戏曲,“金钟”琴,北宋,http://www.dpm.org.cn/Uploads/Picture/dc/52933.jpg,乐器,“金钟”琴，宋，通长115.7厘米，隐间107.9厘米，额宽16.4厘米，肩宽19.6厘米，尾宽13.6厘米，厚4.8厘米。清宫旧藏。“金钟”琴，仲尼式，通体黑漆，牛毛断，葛布地鹿角灰胎。胶合紧密，挖膛颇浅。长方池沼，凤舌镶嵌。蚌徽余四枚，护轸伤缺。紫檀岳尾，紫檀足粘实无法取下。琴扁薄，底板两边微向上稍有圆意，额底略有减薄。琴背铭刻，原均贴金，今脱落将尽。龙池上方刻小篆“金钟”琴名。池左右刻隶书琴铭“闲邪纳正，导德宣情”，龙池下方刻草书“宣和殿”，又九叠文“御书之宝”大印。“宣和殿”，宋哲宗绍圣二年（1095年）建成，至徽宗宣和元年（1119年）改名保和殿，计存在24年。此琴亦当是这期间所制，应为徽宗时的“官琴”
音乐戏曲,“万壑松”琴,北宋,http://www.dpm.org.cn/Uploads/Picture/dc/25845.jpg,乐器,“万壑松”琴，北宋，仲尼式，通长128.6厘米，隐间117.1厘米，额宽19厘米，肩宽20.4厘米，尾宽14.9厘米，厚5.9厘米。此琴桐面梓底。通体黑漆，八宝灰胎，发蛇腹冰纹，间牛毛断，琴头偶有梅花断。长方池沼，金徽为后置，青玉轸，白玉足，红木岳尾。凤舌为另作镶嵌。琴底龙池上方刻楷体“万壑松”琴名，池左右填青色行草琴铭：九德兼全胜磬钟，古香古色更雍容。世间尽有同名器，认尔当年万壑松。上署“岁在丙申夏历正月初六日”，下款“析津蒙叟题藏，时年七十有七”，并有填红小印“宋兆芙印”、“镜涵”，又“天峰居士书镌，时年六十有一”，并有填红小印“朱”、“宝成”，末题“孔子降生二千五百零七年”。所谓“丙申”、“孔子降生二千五百零七年”即1956年。“镜涵”乃近代天津琴家宋镜涵印，“宝成”则为天津书家朱宝成印。此琴于1983年入藏故宫博物院。
音乐戏曲,“奔雷”琴,南宋,http://www.dpm.org.cn/Uploads/Picture/dc/52964.jpg,乐器,“奔雷”琴，南宋，通长126.6厘米，隐间117.2厘米，额宽18.5厘米，肩宽20厘米，尾宽15.6厘米，厚5.2厘米。“奔雷”琴，仲尼式，桐木斫，通体黑漆，紫漆修补。鹿角灰胎薄而坚，小蛇腹间牛毛断。长方池沼，蚌徽，牛角足，象牙轸，紫檀岳尾。亦是耸肩之琴，唯项逐渐坡下，是以耸而不觉其狭。亦非常例，尤怪者无凤舌。琴为天津琴家宋镜涵旧藏。琴背铭刻。龙池上方刻古篆琴名“奔雷”，池旁宋镜涵题诗二首：“南北东西几度游，名琴能遇不能求。奔雷无意欣相遇，宿愿多年始得酬。”“久经风鹤不堪嗟，一抚奔雷兴倍赊。三十年来成伴侣，怡情养性不离他。”池下刻朱宝成跋一则并小印二。朱宝成跋：“周密《视听抄》列举北方名琴十七床，内一则云‘奔雷樊泽民琴，当第一。’老友宋君镜涵三十年前得之，时时抚弄未尝相离，今年八十岁，为琴赋二诗，余喜而镌之，以志雪爪云尔。天峰居士朱宝成。”小印镌“朱”、“宝成”三字。跋文右侧刻“夏历岁次己亥正月十五日”，左侧刻“公元一九五九年时年六十有四”。1983年入藏故宫博物院。
音乐戏曲,“海月清辉”琴,南宋,http://www.dpm.org.cn/Uploads/Picture/dc/52954.jpg,乐器,“海月清辉”琴，南宋，通长117.2厘米，隐间109.1厘米，额宽16.4厘米，肩宽18厘米，尾宽12.6厘米，厚5厘米。清宫旧藏。“海月清辉”琴，仲尼式，南宋制作，桐木斫，髹栗壳色漆，有朱漆修补。鹿角灰胎，牛毛冰纹间梅花断。长方池沼，金徽，青玉足，青白玉轸，紫檀岳尾。琴背铭刻。龙池上方刻隶书填青“海月清辉”琴名，其下填朱方印“乾隆御府珍藏”，池左右直抵双足刻梁诗正、励宗万、陈邦彦、董邦达、汪由敦、张若霭、裘曰修琴铭，填以五色。其琴铭分别为：瀛海兮澄鲜，辟月兮秋悬。想孤光之通印，拟逸韵之清圆。霏空露华湿，荡影明珠拾。水仙操兮鱼龙听，伯牙叹兮成连迎。臣梁诗正。流水今日，明月前身。诗品所贵，琴理则均。金波有魄，紫澜无尘。惟明惟洁，面目各真。指上消息，难得解人。浣心以净，养性以醇。清辉在抱，调肺腑春。臣宗万。水中月，声中景，意中缘。出沧波，圆魄鲜。泝空明之流光，惟托响于素弦。臣邦彦。峄阳之桐高百尺，斫为雅琴和以怿。皎如长空悬皓魄，海波相映澄日夕，成连归去窅无迹。清秽心神形俱释，泠泠一曲高天碧。臣邦达。涛涌银盘，凉生玉宇，濯冰壶而砭骨，引潜蛟使起舞。知音哉素娥，为一弹而再鼓。臣由敦。老蟾入月蚌含胎，鞠通亦爱神仙材。三虫跳掷天风来。臣若霭。何年斫此苍玉精，一弹再鼓移人情。海中明月弦上声，初闻沨沨海水清。继看皎皎秋月生，金波雪浪同光晶，忽然晃漾开瑶京。成连剌篙出东瀛，微风引之度青城。眼中亲见三山横，人间筝笛徒营营。臣裘曰修。
音乐戏曲,仲尼式琴,南宋,http://www.dpm.org.cn/Uploads/Picture/dc/53934.jpg,乐器,仲尼式琴，南宋，通长125.2厘米，隐间116.3厘米，额宽17.8厘米，肩宽19.5厘米，尾宽13.6厘米，厚5.3厘米。清宫旧藏。琴为仲尼式，南宋制作，桐木斫，黑漆，鹿角灰胎，牛毛断。长方池沼，蚌徽，青玉足，紫檀岳尾，缺一护轸。全琴厚而平，楞角崭然。
音乐戏曲,仲尼式琴,南宋,http://www.dpm.org.cn/Uploads/Picture/dc/53928.jpg,乐器,仲尼式琴，南宋，通长126.1厘米，隐间116.1厘米，额宽18.2厘米，肩宽20.1厘米，尾宽14.6厘米，厚5.1厘米。琴为仲尼式，桐木斫，黑漆，八宝灰胎，小蛇腹间梅花冰纹断。长方池沼，蚌徽，红木轸足，枣木岳尾。全琴扁平，从头至尾厚度几无变化，极轻盈，边角微有圆意。琴背铭刻。龙池左右刻小楷：“唐贞观二年淳化寺古桐华山道人制，明崇祯六年海泉道人重修。”腹内有模糊不清朱书“大唐贞观”云云。而岳山前有锯纹，想是崇祯六年（1633年）有海泉道人者剖腹，惊见此款，是以移出，不知腹款本是伪作。20世纪60年代后入藏故宫博物院。
音乐戏曲,“玲珑玉”琴,南宋,http://www.dpm.org.cn/Uploads/Picture/dc/52951.jpg,乐器,“玲珑玉”琴，南宋，通长118.4厘米，隐间110.7厘米，额宽17.4厘米，肩宽19厘米，尾宽13厘米，厚5.7厘米。清宫旧藏。“玲珑玉”琴，仲尼式变体。南宋赵希鹄《洞天清录·古琴辨》：“古琴惟夫子、列子二样”，可见当时最为人熟知而流行。桐木斫，板厚而开膛小，凤舌镶嵌，池沼形状特异，纳音贴以木片。黑漆，八宝灰胎极薄，牛毛间蛇腹断。金徽，白玉轸足，紫檀岳尾，唯尾托为红木，护轸伤损一。琴背铭刻，龙池上刻行书琴名“玲珑玉”。左右刻草书琴铭“峄阳之洞，空桑之材。凤鸣秋月，鹤舞瑶台”，龙池下行书“复古殿”，又九叠文“御书之宝”大印。“复古殿”，南宋绍兴二年（1132年）以后在建康（南京）所修行宫之一殿，绍兴二十八年（1158年）于临安（杭州）又有此殿之设。全部铭刻为当时一手而成，俱贴金。
音乐戏曲,“玉壶冰”琴,南宋,http://www.dpm.org.cn/Uploads/Picture/dc/52945.jpg,乐器,“玉壶冰”琴，南宋，通长119.1厘米，隐间110.3厘米，额宽17.8厘米，肩宽19.3厘米，尾宽13.3厘米，厚4.8厘米。清宫旧藏。“玉壶冰”琴，仲尼式，桐木斫，黑漆，鹿角灰胎，蛇腹间流水断。长方池沼，槽腹基本挖成方形。金徽，白玉足，檀木轸，檀木岳尾。琴背铭刻，龙池上方刻小篆“玉壶冰”琴名，池内左右朱漆径寸楷书“宋绍兴二年，公路金道制”。按绍兴二年即1132年。元周密《云烟过眼录》云：“金公路，所谓金道者，绍兴初人，琴薄而轻。”元陶宗仪《南村辍耕录》亦有记载。
音乐戏曲,“清籁”琴,南宋,http://www.dpm.org.cn/Uploads/Picture/dc/25802.jpg,乐器,“清籁”琴，南宋，仲尼式，通长121.2厘米，隐间112.2厘米，额宽17.6厘米，肩宽18.2厘米，尾宽13厘米，厚5.2厘米。清宫旧藏。此琴为桐木斫成，通体髹黑漆，鹿角灰胎，漆呈冰纹断。池、沼长方形，金徽，白玉轸足，紫檀岳尾。琴底龙池上方刻填青篆书“清籁”琴名，其下填朱“乾隆御赏”方印。池左右直抵双足刻梁诗正、励宗万、陈邦彦、董邦达、汪由敦、张若霭、裘曰修琴铭，填以五色，七人俱乾隆朝词臣。其琴铭分别为：竹萧萧，松谡谡。鸟调簧，泉漱玉。天籁应宫商，谁能传此曲。静啸抚清弦，希声想涵蓄。臣诗正。元气必清，声发乃肖。太音正希，谁为鼓召。寂然趺坐，莞尔独笑。金徽未张，閟此古调。忽和天倪，韵流万窍。非石钟鸣，非苏门啸。入耳会心，心灯自照。手挥五弦，静领其妙。臣励宗万敬铭。虚斋拂徽轸，吹万起空谷。纤条发长鸣，泠泠袭书屋。天地皆秋声，寒螀杂古木。九秋爽气横，逸响振岩谷。调如笙竽清，幽律警茅屋。心与太古期，萧森动万木。臣邦彦敬铭。金徽玉轸，响彻丝桐。七弦泠泠，六律雍雍。淡而弥远，和而不同。躁心以释，矜气以融。清夜静听，天籁靡穷。臣邦达。空山杳然，声何为来。谁持风轮，一阖一开。臣由敦。竹铿尔，松翳如，泠泠万窍鸣庭除。前者唱于后者喁，出虚之乐惟此夫。臣若蔼。泉凌晨而泻涧，叶向夕以吟风。何事泠泠淅淅，都教并入弦中。臣曰修。池内右刻楷书腹款“严恭远斫”。
音乐戏曲,朱致远款仲尼式琴,元,http://www.dpm.org.cn/Uploads/Picture/dc/25806.jpg,乐器,朱致远款仲尼式琴，元，仲尼式，通长119.4厘米，隐间111.5厘米，额宽17.4厘米，肩宽19.2厘米，尾宽13厘米，厚5.2厘米。清宫旧藏。琴为桐木斫成，通体髹黑漆，鹿角灰胎，发冰纹间牛毛断纹。池、沼长方形，金徽，青白玉轸足，紫檀岳尾。全器姿态秀美停匀，制作精当，法度森严。腹款“赤城朱致远制”。“赤城”在今北京以北。朱致远，明高濂《遵生八笺》、张应文《清秘藏》均言其系“我明”或“我朝”人，而文震亨《长物志》则言其系元代人，可知他生活在元、明两朝间。
音乐戏曲,“音朗号钟”铜琴,明,http://www.dpm.org.cn/Uploads/Picture/dc/25782.jpg,乐器,“音朗号钟”铜琴，明，仲尼式，通长122.7厘米，隐间112.5厘米，额宽16.5厘米，肩宽18.2厘米，尾宽12.4厘米，厚4.1厘米。清宫旧藏。铜琴漆灰胎，漆色红黑，作仿古铜锈，琴面下部已现断纹。岳尾、轸池、凤舌及周围均于铜上涂金。金徽，白玉轸足，素蓝琴穗。琴底龙池上方刻隶书“音朗号钟”琴名，池下方刻隶书琴铭：烂铜质，色斑然。緪已丝，声渊然。谁其制之诸葛君，有才如此嗟炎兴。乾隆御制。篆印“含英咀华”。所有铭刻均填金。有腹款以片铜贴于腹内，今已脱落，犹在腹内，文曰：“大汉建安十年岁次乙卯二月□日南阳诸葛氏制。”
音乐戏曲,“天籁”铁琴,明,http://www.dpm.org.cn/Uploads/Picture/dc/25835.jpg,乐器,“天籁”铁琴，明，仲尼式，通长119厘米，隐间111厘米，额宽16.8厘米，肩宽17厘米，尾宽12厘米，厚5厘米。铁琴通体锈蚀斑驳。红木轸足，玉徽只余其八。琴面弧度稍圆，项腰内收较大，肩当二徽。承露与焦尾嵌以金丝纹饰，凤舌乃铜制，嵌入琴首。琴底龙池上方有寸许嵌金丝双勾小篆“天籁”琴名，其下有嵌金丝小篆“孙登”款，并“公和”篆印。池下方有篆书“明项元汴珍藏”，并嵌银丝篆文“墨”“林”方形连珠小印及“子京父”小印。腹中无款。孙登乃魏晋时一位传奇人物，与嵇康有交往。项元汴，字子京，号墨林，明嘉靖、万历时嘉兴人，精收藏，筑“天籁阁”贮之。此琴于1952年入藏故宫博物院。
音乐戏曲,仲尼式石琴,明,http://www.dpm.org.cn/Uploads/Picture/dc/25795.jpg,乐器,明，仲尼式，通长117.4厘米，隐间107.5厘米，额宽18.2厘米，肩宽19厘米，尾宽13.2厘米，厚6.2厘米。清宫旧藏。琴为青石质，上下两块相扣，形制极其规矩，陈设于御苑之中最为相宜。无徽，其位置为浅圆坑，鸡翅木轸足，护轸俱失。
音乐戏曲,落霞式琴,明,http://www.dpm.org.cn/Uploads/Picture/dc/25775.jpg,乐器,落霞式琴，明，落霞式，通长123.7厘米，隐间116厘米，额宽19厘米，肩宽21.5厘米，尾宽12厘米，厚5.7厘米。清宫旧藏。琴为桐木斫成。通体髹黑漆，间有红道，纸地瓦灰胎，漆灰伤处板上可见刀刻痕迹，发蛇腹间牛毛断。长圆形龙池，圆形凤沼。蚌徽，紫檀岳山，紫檀焦尾只存其一，玉轸足。琴头伤损严重。
音乐戏曲,“玉泉”铜琴,明,http://www.dpm.org.cn/Uploads/Picture/dc/25793.jpg,乐器,“玉泉”铜琴，明，仲尼式，通长115.5厘米，隐间107.2厘米，额宽17.1厘米，肩宽18.5厘米，尾宽11.9厘米，厚5厘米。清宫旧藏。琴黄铜色。金徽，青玉轸足，正黄琴穗。琴底龙池上方刻小篆“玉泉”琴名。池下刻鎏金篆书琴铭：王孙位将相，侃侃持正义。荣显非所耽，自号幽清士。平生善鼓琴，雅尚还自制。范铜成兹器，岁月犹亲志。置弦一攫醳，玉泉声尚沸。因忆响泉磬，丰剑今何寄。重人匪重物，望古兴遐思。乾隆庚午仲秋御题。并朱文“几暇临池”印，白文“得佳趣”印。庚午乃乾隆十五年（1750年），乾隆《御制诗集》收有此诗，为《题李勉玉泉琴》。琴底龙池内两侧范有阳文款：“唐肃宗丙申年蕤宾月有八日，咸阳乐幽清士李勉捐奉铸造。”系伪款，“唐肃宗丙申年”即“至德丙申”，时李亨方即位，何以有其薨后之“肃宗”庙号？
音乐戏曲,“龙门风雨”琴,明早期,http://www.dpm.org.cn/Uploads/Picture/dc/25761.jpg,乐器,“龙门风雨”琴，明初，伏羲式，通长120.8厘米，隐间111厘米，额宽21厘米，肩宽20.2厘米，尾宽14.3厘米，厚6厘米。清宫旧藏。琴为桐木斫成，黑漆上罩朱漆，瓦灰胎，发牛毛断纹。蚌徽，黄杨岳尾，紫檀轸，青玉足。龙池圆形，凤沼长圆形。琴底龙池上方刻草书“龙门风雨”琴名，池下方有“包含”大印一方。有腹款，可惜漶漫不清。圆池周围依稀有“大宋”字样，纳音左右几字可辨，为右书“时……重修”、左书“时万历……又重修”。原琴损坏极严重，20世纪40年代后期，管平湖先生修好“大圣遗音”琴后又修此琴，使其复成为相当完整的乐器。
音乐戏曲,“月明沧海”琴,明中期,http://www.dpm.org.cn/Uploads/Picture/dc/25756.jpg,乐器,“月明沧海”琴，明中期，落霞式，通长124.1厘米，隐间116.3厘米，额宽18.7厘米，肩宽21.3厘米，尾宽14.6厘米，厚6.7厘米。清宫旧藏。琴为桐木斫成，黑漆上罩朱漆发紫色，瓦灰胎，发大蛇腹断纹。金徽缺一，青白玉轸足，缺轸一，碧玉岳尾，焦尾缺一。琴底龙池上方刻行楷“月明沧海”琴名。池下方刻楷书：七弦齐鸣月未残，潮音乍泛天风寒。闻思大士自在观，清净道场来珊珊。乌皮欲横寻古欢，颖师往矣谁复弹。并“乐天”双龙纹小圆印。
音乐戏曲,“峨嵋松”琴,明末,http://www.dpm.org.cn/Uploads/Picture/dc/25768.jpg,乐器,“峨嵋松”琴，明晚期，仲尼式，通长120.7厘米，隐间112.1厘米，额宽17.1厘米，肩宽18厘米，尾宽13.2厘米，厚5厘米。清宫旧藏。琴尺寸如常制，唯面、底及池沼视线可及处均以檀木裁为龟背纹样贴于桐木上。池、沼长方形，轸池亦贴格以檀木。琴额底部及周边则于鹿角灰胎上施黑漆，发小蛇腹断纹。金徽仍存其三，紫檀岳尾，轸足与护轸俱失，凤舌系另作镶嵌。琴底龙池上方横刻填青隶书“峨嵋松”琴名，其下方填朱“乾隆御赏”方印。自池上下左右四方直抵双足刻梁诗正、励宗万、陈邦彦、董邦达、汪由敦、张若霭、裘曰修等人琴铭，填以五色，七人俱乾隆朝词臣。其琴铭分别为：峨嵋之松高百尺，老龙鳞，冻蛟脊。摩青霄，伏虎魄。天风来，生两腋。涛声淙淙合音节，戛不鸣，山月白。臣由敦。峨嵋半天，松韵戛然。静言和之，南薰之弦。臣励宗万。峄阳孤桐，蚕丛高松。弦中蜀岭，调里秦封。风生万壑，青出千峰。悠悠余韵，谡谡朝宗。曲终人远，何必扶筇。臣邦彦。三峨古雪明云峰，虬枝偃蹇冰团封。风涛天半铿递钟，雅韵写入清弦中。臣诗正。清晖相照，空翠袭衣。一弹再鼓，猿吟鹤飞。水流花开天风微。臣若蔼。峨嵋顶，松虬然。声谡谡，天籁全。谁其似，蜀国弦。清风发，逸韵宣。金徽转，雅调传。欲相赏，山之巅。臣邦达。万窍俱息涛起空，是何曲调流琤琮。六月不热生凉风，谡谡如卧深山中。绿阴障天望不穷，其巅疑有积雪封。人间此景何由逢，炎歊正剧愁软红，试来静听峨嵋松。臣裘曰修。此即所谓假百衲之一式，唯以檀木为之，尚属罕见。明高濂《遵生八笺》云：“又如百衲琴者，亦近制也……今仿制者以龟纹锦片错以玳瑁象牙香料杂木，嵌骨为文，铺满琴体，名曰宝琴。”此琴亦属此流。
音乐戏曲,“蕉林听雨”琴,明万历,http://www.dpm.org.cn/Uploads/Picture/dc/25842.jpg,乐器,“蕉林听雨”琴，明万历，蕉叶式，通长124.6厘米，隐间113.8厘米，额宽16.8厘米，肩宽19.2厘米，尾宽14.4厘米，厚5.1厘米。琴为桐木斫成。通体黑漆透朱，发蛇腹断纹。金徽，青玉轸足。底由外向内洼下，系二木拼接，其间作叶梗一道，中空。此琴式取蕉叶形象，故全器无项翅腰尾之分，叶茎在琴头，故仅一护轸，上下板粘合处为叶边，故亦无明显边墙。明高濂《遵生八笺》中说有祝海鹤者取蕉叶为琴之式。琴底龙池上方刻篆书“蕉林听雨”琴名。池右楷书：庭松踈朗，风和月明。澄神静志，豁达成声。成亲王。并三字小印。池左楷书：沉以神识，发于性灵。天和之感，徽音动听。丁丑春贻晋斋又题。并“皇十一子”小印。池下行书：乾坤其气，金玉其声。道德其人，中和其行。上署“光绪二年新秋”，下款“左宗棠书”，并“青宫太保”印一。成亲王爱新觉罗·永瑆，乾隆皇帝第十一子，别号诒晋斋主人，丁丑乃嘉庆二十二年（1817年）。左宗棠为晚清名臣，光绪二年即1876年。腹内刻款“万历丙辰秋□钱唐王舜臣制”，万历丙辰乃明万历四十四年（1616年）。此琴于1963年入藏故宫博物院。
音乐戏曲,红漆墨书状元及第字斗,清,http://ggzlimg.dpm.org.cn/app/gugong/2023/0116/xqIairTqXTdFVTiInJxaguS401g7NF5TWnR33QzM.jpg,道具,清，通高11cm，口见方22.8cm，底见方11.4cm斗为木制，四方形，上阔下狭，带有提手，通体髹红漆，四面依次墨书“状元及第”字，为清宫演剧中魁星角色所使用的道具，《劝善金科》《天官赐福》等戏目均有魁星出场。在民间信仰中，魁星为北斗七星之首，也是主宰文运之星，因此尤为读书人所崇奉。戏曲舞台上的“跳魁星”表演即由此而来，表演时，魁星头戴面具，一手执笔，一手携斗。斗取“魁星点斗”之意，预兆一举夺魁，高中状元。
音乐戏曲,红漆戗金缠枝莲纹杆笔,清,http://ggzlimg.dpm.org.cn/app/gugong/2023/0116/cI26vtDs386HmftJwX1eQqstLaYaEbOZ05tsw0HQ.jpg,道具,清，通长31cm笔用木旋削、雕刻、套合而成，作为清宫戏曲演出所使用的道具，与实用毛笔十分相像。笔杆通体髹红漆地，再填金描绘缠枝莲纹，做工精致，给人以富丽奢华之感。在“跳魁星”戏曲表演中，魁星执笔起舞，时而于斗中蘸墨，时而于空中挥毫，以示点中状元。
音乐戏曲,仲尼式石琴,清,http://www.dpm.org.cn/Uploads/Picture/2019/12/11/s5df084aa9aea1.jpg,乐器,清代，通长114.6厘米，隐间106厘米，额宽15.3厘米，肩宽17.5厘米，尾宽11.8厘米，厚5.5厘米。琴为仲尼式，清代制作。清宫所遗。长方池沼，青石所制，上下两块相扣，蚌徽，鸡翅木轸足，足与护轸均缺一。琴背铭刻，龙池上方刻回纹花边篆文方印，似为“辽天风”，池下刻花边圆印，似为“太吉”，皆字体古怪难以辨识。池沼窄不容指，琴形制亦失度。
音乐戏曲,黄马褂戴红风帽的老生泥人,清,http://www.dpm.org.cn/Uploads/Picture/dc/54268.jpg,未知,黄马褂戴红风帽的老生泥人，清晚期，高13厘米，宽7厘米。此泥塑戏人红脸凤眼，美髯及胸，手持红马鞭，着黄绿蟒袍，威风凛凛。从服装和动作来看，类似于《四郎探母》中的杨延辉。泥人整体构造比例协调，颜色搭配合理，人物表情生动自然，意趣横生。
音乐戏曲,执双锤花脸泥人,清,http://www.dpm.org.cn/Uploads/Picture/dc/54270.jpg,未知,执双锤花脸泥人，清晚期，高15厘米，宽6.5厘米，厚3.5厘米。此泥塑戏人出自京剧剧目《草桥关》，又名《广陵会》。戏曲表现了隋炀帝杨广为消灭各路英雄，以比武夺魁的方式将他们骗来，而在场内暗设火炮伏兵。李世民、罗成、程咬金、秦琼等众英雄最终识破阴谋，力战突出重围。此泥人身着京剧中的铜锤花脸的代表装束，除黑色紧身衣外，再加上手中紧握的双锤，将人物的豪爽性格、行侠仗义、彪悍威猛的形象表现得栩栩如生。
音乐戏曲,绿褶子戴桥梁巾花脸泥人,清,http://www.dpm.org.cn/Uploads/Picture/dc/54269.jpg,未知,绿褶子戴桥梁巾花脸泥人，清晚期，高10厘米，宽4.5厘米，厚3.5厘米。此件泥塑戏人源于京剧《群仙阵》中的人物造型，是京剧中铜锤花脸的扮相之一。身穿绿地花卉戏装，头带官帽，形态逼真，表情丰富，色彩鲜艳，泥塑手法细腻。这件戏曲泥人曾是当年宫廷为小皇帝准备的玩具，小皇帝通过把玩可以从中了解中国传统戏曲知识。
音乐戏曲,黄袍戴蛐蛐罩武丑泥人,清,http://www.dpm.org.cn/Uploads/Picture/dc/54267.jpg,未知,黄袍戴蛐蛐罩武丑泥人，清晚期，高11.2厘米，宽3.5厘米。此件泥塑戏人表情滑稽，身穿花箭衣，系绿色腰巾，头戴鬃帽。此类鬃帽也叫“蛐蛐罩”，其形状下圆上尖，与虫具“蛐蛐罩”类似，故名。清代戏曲泥人多出自无锡惠山、天津泥人张之作，制作工艺上均有两种不同的类型，一类为“粗货”，一类为“细货”。“细货”多取材于戏曲人物形象，并用手工捏塑而成，故又称“手捏戏文”。其制作方法运用揉、搓、捏、拍、压、彩绘、打蜡等手法，创造出极为生动的形象。此件戏曲人物，造型单纯粗放，色彩鲜艳明快，用笔信手随意，拙中有巧，生动传神。戏曲泥人是清宫玩具的一种，多取材于戏曲故事和神话传说。无论是人物造型、性格刻画、色彩配置都紧扣人物个性。清宫收藏的玩具戏曲人物与当时的戏曲剧目相互对应，其中有《英雄会》、《二进宫》、《定军山》、《草桥关》、《牛头山》、《赵家楼》、《群仙阵》等。此件泥人物背上贴有纸签，上书“英雄会”三字，应是《英雄会》戏曲中的武丑。
音乐戏曲,木口风琴,清,http://www.dpm.org.cn/Uploads/Picture/dc/23662.jpg,乐器,木口风琴，清，长49厘米，宽9厘米，高6厘米。口风琴是一种键盘式吹奏乐器。主体为长方形琴盘，一端留吹口。嘴对吹口吹时，手指按动键盘，键盘的簧片在气流的振动下发出响声，从而奏出乐曲。由于简单易学且容易吹出简单的旋律，口风琴成为宫中神奇的发音玩具。
音乐戏曲,绿色缎绣桂花玉兔金皮球花纹八月花神衣,清,http://www.dpm.org.cn/Uploads/Picture/dc/53811.jpg,戏衣,绿色缎绣桂花玉兔金皮球花纹八月花神衣，清光绪，身长114厘米，两袖通长186厘米，下摆宽91厘米。清宫旧藏。衣立领、对襟、宽身阔袖，缀月白色绸水袖，左右开裾至腋下，衣长过腰，粉红色麻布里衬。衣身以白色缎缘边，呈曲状，并用雪青色缎滚边，领口缘饰形如小圆翻领，腋下开裾处成如意形。为突出八月中秋节令的主题，衣身主体纹样以白兔和桂花为主。白兔或卧或立，或跑或跃，机敏可爱，惟妙惟肖。每只白兔外用平金线做八合如意圈边，规则对称排列，如意圈内散绣折枝桂花，三蓝的枝叶，点缀着簇簇橘黄桂花，格外秀雅悦目。缘边上彩绣折枝桂花、佛手、带蔓瓜瓞，另用平金针法绣如意头间隔点缀。此为戏中八月花神的专用衣。在中秋承应的二十出《草木衔恩》中，最后一出“共庆清秋呈艳舞”，八月花神与众花神同登仙楼，使演出更加奇幻辉煌。
音乐戏曲,单皮鼓,清,http://www.dpm.org.cn/Uploads/Picture/dc/51855.jpg,乐器,单皮鼓，清，径26厘米，高8厘米。单皮鼓，简称单皮，因仅一面蒙皮而得名，又名板鼓。鼓框用厚而坚硬的木料制成，圆形，鼓腔内呈喇叭形，鼓面中间稍隆起为鼓心，直径约两寸。鼓面墨印“加工选料”一枚，手持“真马正兴”条幅的天官模样两人，鼓心内也有同样一人，另贴有广告纸两张，有着注明商标、谨防假冒的用途。演奏时，单皮鼓空悬在系有绳子的竹制或木制的鼓架上，用两根鼓签敲击。在戏曲演唱时，共用拍板和单皮来营造板眼，强拍处击打拍板是为“板”，弱拍或次强拍处击打单皮是为“眼”。单皮用来点眼，帮助演员把握演唱节奏，尤其是京剧中青衣拖腔长而婉转，更离不开单皮。因而，单皮在戏曲伴奏乐队中居于指挥地位。
音乐戏曲,青色素绉绸忠纱帽,清,http://www.dpm.org.cn/Uploads/Picture/dc/51861.jpg,戏衣,青色素绉绸忠纱帽，清光绪。高20厘米，通宽53厘米，口径17厘米。忠纱帽亦称乌纱帽，剧中古代官员的帽子。帽两边有插翅，翅分圆、方、尖三种，根据不同的人物分别使用，忠正者戴方纱，如京剧《群英会》中鲁肃戴方纱，丑角用圆纱，奸邪者用尖纱。
音乐戏曲,绿色缎串珠带绒球夫子盔,清,http://www.dpm.org.cn/Uploads/Picture/dc/51848.jpg,戏衣,绿色缎串珠带绒球夫子盔，清光绪。通高33厘米，宽44厘米，口径17厘米。夫子盔为剧中古代武将的帽子。上小下大，顶上与额前缀绒球。绿色夫子盔为关羽所专用。
音乐戏曲,玫瑰紫色缎平金绣凤戏牡丹网纹女靠,清,http://www.dpm.org.cn/Uploads/Picture/dc/51870.jpg,戏衣,玫瑰紫色缎平金绣凤戏牡丹网纹女靠，清光绪。身长142.5厘米，两袖通长194厘米，下甲长81厘米，腰宽79厘米。女靠为传统戏中女将的戎装，靠肚下缀二或三层各色绣花飘带，穿时领外加垂穗云肩，胸前加护心镜或挂彩球。其样式比男靠更具装饰性，纹样色彩更加艳丽，衬托出女将的英姿飒爽。
音乐戏曲,绿色缎平金绣网纹二龙戏珠纹男靠,清,http://www.dpm.org.cn/Uploads/Picture/dc/51871.jpg,戏衣,绿色缎平金绣网纹二龙戏珠纹男靠，清光绪。身长110厘米，两袖通长172厘米，下甲长89厘米，腰宽79厘米。靠又名“甲”，传统戏中武将的戎装，分男女靠。圆领，紧袖，有护腿两块，背部有一虎头形硬皮壳，称“背虎壳”，内插四面三角形靠旗，领口有靠领，称三尖领，不插靠旗的称软靠。靠分十色，根据剧中人物的年龄、性格按固定的颜色穿用。
音乐戏曲,月琴,清,http://www.dpm.org.cn/Uploads/Picture/dc/51849.jpg,乐器,月琴，清，长79厘米，宽14厘米。月琴，由古代的阮演变而来，琴颈短小，因共鸣箱形如满月而得名。琴面板和背板均为薄桐木板，音箱边框和琴颈紫檀木制。琴面张四弦，两弦一组同音，两组间按五度关系定弦，设九个品位。月琴用拨子弹奏，演奏时左手持琴按弦，右手执拨弹奏，有弹、拨、撮、滚、扫滚、按、颤、滑、吟等技法。在京剧乐队中，月琴与京胡、京二胡一起并称为三大件，是主要伴奏乐器之一。
音乐戏曲,大锣,清,http://www.dpm.org.cn/Uploads/Picture/dc/51850.jpg,乐器,大锣，清，径41.5厘米。大铜锣，以铜铸成，边沿穿孔系绳和竹质提手。锣内墨印“姑苏阊门内，祁尔昌字号，炼选自造水磨大锣，发客”、“响器锣鼓，当面挑选，概不退换”。演奏一手提锣，一手以槌击之。大锣在戏曲中专为节舞之用，各脚色上下场、作各种身段时皆用之，武戏尤必用之，或于音乐中间偶加一二声以振精神。
音乐戏曲,小锣,清,http://www.dpm.org.cn/Uploads/Picture/dc/51853.jpg,乐器,堂锣，清，径25厘米。小锣，以铜铸成，形如圆盘，径约七寸有余，中间凸起。锣内墨印一枚，已漫漶不清，依稀可见“自造真苏钲锣”字样，应为广告商标。又墨书“杂箱”二字，表明该锣存放于杂箱中，应为当时宫廷戏班管箱人所书写。小锣演奏时，左手指支定锣内缘，右手持一薄木片敲击发声。在京剧中，小锣与大锣配合使用，可衬托和强化演员表演动作的效果，也可单独用于配合人物较为随意的上、下场，称为“小锣圆场”。
音乐戏曲,紫檀木拍板,清,http://www.dpm.org.cn/Uploads/Picture/dc/51856.jpg,乐器,紫檀木拍板，清，长26厘米，宽6厘米。拍板，是一种打击乐器，因常用檀木制作又称檀板，简称板。此拍板由三块紫檀木板组成，以绒绳穿系在一起，前面两块一组，后面为单块木板。后块中间起脊凸起，演奏时左手持后块，使其下端凸起部分撞击前两块板背面发声。拍板用于戏曲伴奏中，为点拍之用，常与单皮合用，掌乐者一手击鼓、一手执板。
音乐戏曲,笙,清,http://www.dpm.org.cn/Uploads/Picture/dc/51857.jpg,乐器,笙，清，高50厘米，宽12厘米。笙，又称芦笙，是簧片与竹管耦合共振而发声的吹奏乐器。此笙木制笙斗，上面列植十七根竹管笙苗，右口稍缺，左右分列，中管最长，两旁渐短，形如凤翼。每根竹管下端嵌紫檀木笙脚，笙脚末端镶接薄铜页簧片。笙苗外束以竹箍，笙嘴镶饰以牛骨。笙是中国源远流长的乐器，是世界上现存大多数簧片乐器的鼻祖。传说女娲发明了笙，甲骨文中“和”字即是当时小笙的象形，源于笙的发音遵循和声原则，声音饱满而悦耳动听。笙为“八音”之中匏之属的乐器，源于笙斗本用匏制，唐代以后多改用木制。笙广泛用于清宫典制音乐和戏曲伴奏中。
音乐戏曲,笛,清,http://www.dpm.org.cn/Uploads/Picture/dc/51858.jpg,乐器,笛，清，长66.5厘米，径2厘米。笛，俗称笛子、横笛。竹制，横吹，上开吹孔一、膜孔一，按音孔六，尾部出音孔二。笛身上用丝线缠绕以加固，两端镶骨。宋朝以后，笛成为戏曲伴奏的重要乐器，与二胡、笙、月琴等构成文场伴奏乐队，也用于演奏器乐曲牌、过门等过场音乐。
音乐戏曲,黑漆彩绘云蝠杆雕金龙首板斧,清,http://www.dpm.org.cn/Uploads/Picture/dc/51844.jpg,砌末,黑漆彩绘云蝠杆雕金龙首板斧，清光绪。长60厘米，宽16.5厘米。为戏曲表演中武将所执。
音乐戏曲,红漆木手指枷,清,http://www.dpm.org.cn/Uploads/Picture/dc/51845.jpg,砌末,红漆木手指枷，清光绪。棍长18.5厘米，宽20厘米。为戏曲表演中所用刑具。
音乐戏曲,红漆鬼头刀,清,http://www.dpm.org.cn/Uploads/Picture/dc/51843.jpg,道具,红漆鬼头刀，清光绪。因刀柄雕有鬼头而得名，此种刀背厚面阔，刀口锋利，在戏曲表演中常为刽子手所用。
音乐戏曲,红漆彩绘云蝠短把涂金狼牙棒,清,http://www.dpm.org.cn/Uploads/Picture/dc/51846.jpg,道具,红漆彩绘云蝠短把涂金狼牙棒，清光绪。长59厘米，宽4.5厘米。为戏曲表演中武将所用兵器。
音乐戏曲,藤杆缠蓝带红缨双面戟,清,http://www.dpm.org.cn/Uploads/Picture/dc/51847.jpg,道具,藤杆缠蓝带红缨双面戟，清光绪。长83.5厘米，宽15厘米。为戏曲表演中武将所用兵器。
音乐戏曲,串玻璃珠凤冠,清,http://www.dpm.org.cn/Uploads/Picture/dc/51859.jpg,戏衣,串玻璃珠凤冠，清光绪。凤冠形如折扇面，以串玻璃珠点翠作装饰，左右挂排子穗，冠后挂短穗。此凤冠为戏曲表演中贵妇所戴。
音乐戏曲,清宫旧藏唱片,清,http://www.dpm.org.cn/Uploads/Picture/dc/51880.jpg,唱片,《探母》取材于《杨家将演义》，又名《四郎探母》。《落马湖》，又名《拿李佩》《望江居》。黄天霸系列剧之一。《鱼肠剑》讲述的是春秋时期勇士专诸刺杀吴王僚的故事。
音乐戏曲,《阳平关》旧剧照,清,http://www.dpm.org.cn/Uploads/Picture/dc/51882.jpg,剧照,《阳平关》谭鑫培（右）饰黄忠、杨小楼（左）饰赵云
音乐戏曲,《断桥》旧剧照,清,http://www.dpm.org.cn/Uploads/Picture/dc/51883.jpg,剧照,《断桥》旧剧照，陈德霖饰白蛇（右），余玉琴饰青蛇（左）。
音乐戏曲,《阳平关》旧剧照,清,http://www.dpm.org.cn/Uploads/Picture/dc/51887.jpg,剧照,《阳平关》旧剧照，谭鑫培饰黄忠（右），杨小楼饰赵云（左）。
音乐戏曲,戏衣衬里墨印与墨书,清,http://www.dpm.org.cn/Uploads/Picture/dc/51915.jpg,戏衣,清宫戏衣衬里上的各种墨印与墨书，其内容包括演戏机构、戏班名称、承应地点等。其中演戏机构包括南府、景山的内学与外学，其下又各分设头、二、三学不等。
音乐戏曲,戏剧图册之《昭关》,清,http://www.dpm.org.cn/Uploads/Picture/dc/51193.jpg,戏剧图册,戏剧图册之《昭关》，晚清，纵57厘米，横57厘米。清宫旧藏。此册为如意馆画师所绘，无署名年款，属写实画风。《昭关》也称《招关记》，又名《复仇记》，传奇，明代孙柚作，演春秋时期吴、楚相争时伍员的故事。伍员，字子胥，楚国大夫伍奢次子，因遭奸臣陷害逃奔吴国，行至昭关时，楚平王已命人画影图形，四处缉拿。伍员被隐士东皋公请至家中，七日七夜，一筹莫展，须发尽白。东皋公与好友皇甫讷设计，救伍员混出昭关。明万历三十九年（1611年）刊印的龚正我编《新刊徽板合像滚调乐府官腔摘锦奇音》一书，收录有“伍子胥过招关”一出，曲白俱全，这是目前所见最早的《昭关》戏剧本子。清代有昆腔《昭关记》、皮簧腔《文昭关》。现今京剧又名《一夜白须》。
音乐戏曲,木制彩绘虎头纹枷,清,http://www.dpm.org.cn/Uploads/Picture/dc/50050.jpg,道具,木制彩绘虎头纹枷，清，通长73.2厘米。清宫旧藏。枷是一种刑具，用以束缚犯人的颈部而使其无法挣脱。此枷为清代宫廷戏剧演出中的道具，适用于犯罪之贵族或武将。如《夜奔》中之林冲，发配途中即戴此类枷。若女性犯人则戴鱼形枷，如《女起解》中之苏三。枷以木制，上阔下窄，左右单片通过两个宽约一寸的木楔子相合为一。枷身通体髹红漆，上端的正面与背面都彩绘虎头纹样。整体色彩凝重，以显示律法之威严。图中与木枷一起摆放的还有手铐与颈锁链。
音乐戏曲,“流泉”琴,清,http://www.dpm.org.cn/Uploads/Picture/dc/25813.jpg,乐器,"“流泉”琴，清，凤势式，通长109厘米，隐间101厘米，额宽15.5厘米，肩宽16.9厘米，尾宽11.8厘米，厚4.2厘米。清宫旧藏。此琴为桐木斫成。通体黑漆，发牛毛断纹。池、沼有贴格。蚌徽，红木岳尾，红木轸，青玉足。琴底龙池上方刻贴金楷书大字""流泉""琴名。全器尺寸短小，故而比例不甚协调。护轸向内卷曲，焦尾向上昂起甚多，形制较不规范。"
音乐戏曲,金漆花鸟琴,清,http://www.dpm.org.cn/Uploads/Picture/dc/25765.jpg,乐器,金漆花鸟琴，清，仲尼式，通长113.5厘米，隐间106.5厘米，额宽16.8厘米，肩宽17.5厘米，尾宽13.8厘米，厚4.5厘米。清宫旧藏。此琴桐面梓底，通体髹黑漆，金徽只余其五。檀木岳尾，龙龈与一焦尾缺失。青玉轸足，轸亦缺其一。蓝色琴穗。琴有暗裂。琴面、底皆作东洋花鸟纹，各绘3组，细弦一侧花丛底部山石以漆堆砌隆起，并施金粉，有碍弹奏，又有鸟蝶飞翔于花丛之上。琴侧面一圈花心古钱纹，凤舌涂金，琴额上绘一四爪金龙。池内左右均有款，但已漶漫不清。此琴疑为东洋制造。
音乐戏曲,木彩画中和韶乐柷,清,http://www.dpm.org.cn/Uploads/Picture/dc/12981.jpg,乐器,木彩画中和韶乐柷，通高59厘米，内深47.5厘米，上口边长82厘米，下底边长60厘米。柷（音住），木质，形如方斗，上广下狭，下承以须弥座形趺座。柷一面正中开圆孔，相对的一面内壁正中隆起同样大小的圆鼓形，是受击而发声的部位。柷的击具称为“止”，带长柄的八棱形木锤。柷内壁髹黑漆，外表边框髹金漆，四壁彩绘海屋添筹、麒麟等吉祥图案，华美富丽，富有皇家气派。明清时期，柷专用于宫廷中和韶乐，是历代宫廷雅乐“八音”（金、石、土、革、丝、木、匏、竹）之中木之属的乐器。《尚书·益稷》曰“合止柷敔”，意为乐起以击柷为号、乐止以击敔为号。中和韶乐演奏时，乐队指挥器——麾举起，先以木槌撞其内壁三声，然后众乐遂起。
音乐戏曲,红漆描金云龙纹中和韶乐埙,清,http://www.dpm.org.cn/Uploads/Picture/dc/12977.jpg,乐器,红漆描金云龙纹中和韶乐埙。清中期，通高8.5厘米，底径4.5厘米，吹口径0.8厘米，腰径6.5厘米，音孔径0.4厘米。陶质，中空，大如鹅卵，形如秤锤，底平上锐。上顶为吹孔，按音孔六个，前四后二。埙周身髹红漆，描金云龙纹，色彩艳丽，富有皇家气派。演奏时，双手捧埙，双手拇指分别按后面的两个按音孔，双手中指、食指分别按前面四个按音孔，手指间下垂五彩流苏。在明清宫廷中，埙专用于中和韶乐，是西周以来“八音克谐”中土之属的唯一一种乐器。埙在中国源远流长，距今7000年前的浙江河姆渡文化遗址中就出土有一孔陶埙，后来按音孔日益增多，而有了旋律功能。
音乐戏曲,木彩画中和韶乐敔,清,http://www.dpm.org.cn/Uploads/Picture/dc/12982.jpg,乐器,木彩画中和韶乐敔，清，通高68厘米，座长70.5厘米，座宽37厘米敔（音羽），木制，状如伏虎，双耳竖立，白额吊睛，红口利齿，表面髹虎皮纹，下承以金漆趺座。虎背正中开槽，列植二十七片表面髹彩漆的长方形木片，三片为一组，称为龃龉，是受击发音的部位。趺座一侧伸出两耳，用以置放敔的击具籈（音真）。籈截竹筒而成，从中劈开并削去一半，剩下的一半析为二十四根细竹条。演奏时，以籈逆刮龃龉而发音。敔是历代宫廷雅乐的礼制乐器，在明清宫廷中也专用于中和韶乐，是“八音”之中木之属的乐器。在一首乐曲即将结束时，以敔的声音作为终止音，接着乐队指挥器麾放下，中和韶乐演奏完毕。
音乐戏曲,“云外钟声”琴,清早期,http://www.dpm.org.cn/Uploads/Picture/dc/25851.jpg,乐器,“云外钟声”琴，清初，仲尼式，通长121.9厘米，隐间113.1厘米，额宽17.1厘米，肩宽19厘米，尾宽13.4厘米，厚5厘米。此琴桐面楸梓底。黑漆微透暗红，瓦灰胎，牛毛间冰纹断纹，发断稀少。池、沼有贴格。蚌徽，白玉轸仅余三枚，断足一，紫檀岳尾，护轸缺失。琴底龙池上方草书“云外钟声”琴名。池左右刻行书琴铭：唐代挂钟桐，明时伴瘦翁。调高谁共语，山月与松风。池下有篆文“唐代钟桐”大印一方。此琴为20世纪50年代后收入故宫博物院。
音乐戏曲,粉色实地纱地绣花卉蝶纹褶子,清康熙,http://www.dpm.org.cn/Uploads/Picture/dc/13347.jpg,戏衣,粉色实地纱绣花卉蝶纹褶子，清康熙，身长134厘米，两袖通长248.5厘米，下摆115.5厘米。清宫旧藏。褶子为清宫戏衣的一种。大领右衽，阔袖，银白素缎领，衬白素绸里。该褶子以粉色实地纱为绣地，领前为整枝海棠花、绣球花，领后为整枝牡丹、玉兰、海棠花，周身满布折枝芙蓉、茶花、荷花、菊花、石榴花、兰花、石竹、蝴蝶、雀鸟等纹饰。花卉用红、粉红、水粉、蓝、浅蓝、月白、姜黄、黄、浅黄、绿、浅绿、白色、黑色等十几种颜色，以套针、缠针、网针、钉线、平金、打籽针、施针等多种针法绣制。画面呈现出百花争艳，鸟语花香，彩蝶纷飞，平和宜人的景象。整幅褶面绣工精致，针脚匀齐，色彩斑烂。配色与纹样的组合代表了清康熙时期仿宋写生花鸟画纹样之风格，堪称清初苏州刺绣贡品之杰作。褶子衬里背部钤墨印“景教习”、“景山静宜园”、“府纱”等印记。
音乐戏曲,木红漆描金云龙纹椟竹管排箫,清康熙,http://www.dpm.org.cn/Uploads/Picture/dc/12979.jpg,乐器,木红漆描金云龙纹椟竹管排箫，清康熙，通高33.7厘米，宽35.8厘米，厚3.3厘米，管内径0.9厘米。排箫，即编管竖吹箫类乐器，因竹管长短参差不齐排列在一起而得名，也称为“参差”、“比竹”，又因形如凤凰展翅而得名“凤箫”。该排箫16根竹管粗细一致，上口平齐，以管身的长短来区分音高，管愈长则音愈低。管面各描金律名，分两翼排列，均按低音至高音顺序排列，分别对应清代乐律中的八阳律、八阴吕。竹管外用木椟固定，椟面髹红漆、描金双龙戏珠纹样，富有皇家气派。在明清时期，排箫专用于中和韶乐，是“八音克谐”中竹之属的乐器，是天地尊神和皇帝至高无上身份的象征。排箫在古代中国源远流长，早在新石器时代就已出现，河南淅川下寺春秋晚期楚国墓葬中出土有石排箫，著名的战国时期曾侯乙墓中出土有竹排箫。排箫原本没有椟架，元代以后出现椟式排箫，逐渐专用于皇宫，民间已难觅排箫的踪影。
音乐戏曲,香色暗花纱平金绣灯笼折枝花蝶纹女帔,清康熙,http://www.dpm.org.cn/Uploads/Picture/dc/9556.jpg,戏衣,香色暗花纱平金绣灯笼折枝花蝶纹女帔，清康熙，身长128厘米，两袖通长235厘米，下摆宽110厘米。帔直领，对襟，裾左右开。面料为香色绣暗花纱，周身采用平金针法绣12团灯笼纹。灯笼纹的形式共有6种：两肩为凤头莲花团寿圆形灯笼，前胸与后背为龙首莲花盖长寿八角形灯笼，两袖前为凤头莲花盖灵芝形圆灯笼，两袖后为凤头莲花盖莲花六角形灯笼，下摆前为勾藤莲花盖莲花八角形灯笼，下摆后为勾藤莲花盖葫芦形灯笼。灯笼纹间饰折枝花蝶纹。明清两代，平金针法盛行于北京、苏州两地。其采用的赤圆金线、淡圆金线是用宽0.25毫米的金箔片缠于丝线上，绣制时将捻金线平铺在纱地子上，以针扎定，每针之间有一定距离，按花纹样式过旋填满。平金线铺一排、两排或三排不等，用短针扎定。扎上的绣线针脚要与花纹对成十字形。
音乐戏曲,蓝色纳纱方棋博古纹女帔,清康熙,http://www.dpm.org.cn/Uploads/Picture/dc/8708.jpg,戏衣,蓝色纳纱方棋博古纹女帔，清康熙，身长132.5厘米，两袖通长235厘米，下摆宽102厘米。帔直领，对襟，阔袖。面料以直经纱为绣地，按纹样数纱孔，用短串（二丝串）针法纳绣。绣地为深蓝色，其上纳绣方棋格纹，棋格纹上分布朵花、折枝小花、夔龙纹、蝴蝶纹等。在上述纹样组成的地纹上纳绣12团博古纹及其它花纹，其中包括炉、瓶、盒、高足盘、折枝牡丹、柿子纹、大叶纹、石竹花、折枝莲花、海棠花、佛手、蕉叶、灵芝、孔雀羽等纹饰。此帔的仿古纹样效果逼真，设色丰富，计有白、桔黄、杏黄、黄绿、艾绿、草绿、深绿、粉红、杏红、浅雪灰、棕、蓝、月白、绛等色，鲜而不艳。图案层次分明，主题突出，密而不繁，为康熙时期纳纱绣中之珍品。
音乐戏曲,青色四季花折枝百花蝶纹妆花缎女帔,清康熙,http://www.dpm.org.cn/Uploads/Picture/dc/8639.jpg,戏衣,青色四季花折枝百花蝶纹妆花缎女帔，清康熙，身长121厘米，两袖通长231厘米，下摆宽109厘米。帔直领，对襟，左右开衩，领镶白色缠枝莲纹暗花绫，胸前钉黑素缎带一副，衬湖绿色云纹绫里。黑色妆花缎地为七枚缎纹组织，彩纬显花，采用挖梭技法。帔通身饰蝴蝶，姿态各异，翅膀用红、紫、宫黄、粉、蓝、草绿等色线和金线织成。蝴蝶间点缀梅花、桃花、梨花、牡丹、石榴花、菊花、月季等花卉，色彩斑斓。纹饰用捻金和片金线绞边，增强了立体感，在黑地的衬托下备显艳丽，具有高雅华贵的艺术效果。此种纹饰沿用了宋代写生花卉之风并加以创新。此帔面料构图新颖，织造精致，堪称康熙时期妆花缎的典范之作，亦为故宫博物院所藏妆花织品中的瑰宝。
音乐戏曲,竹红漆描金云龙纹箫,清乾隆,http://www.dpm.org.cn/Uploads/Picture/dc/614.jpg,乐器,竹红漆描金云龙纹箫。通长57厘米，管内径1.8厘米，外径2.0厘米。箫，也称洞箫，单管，竖吹。管身上端利用天然竹节封口，旁开一半椭圆形吹孔，管身开六个按音孔，五孔前出，一孔后出，尾端两个出音孔相对旁出，箫管底端开口。管身髹朱红漆，饰以描金云龙纹，五道丝箍也涂金，演奏时出音孔穿系下垂五彩流苏，装饰华丽，富有皇家气派。箫广泛用于清代宫廷音乐中，坛庙祭祀、殿陛朝会宴飨和皇帝出行卤簿等都有使用箫，数量不等。清宫所用箫，分姑洗箫和仲吕箫两种规格，分别用于一年十二月中的阳月、阴月。
音乐戏曲,铜镀金甬纽桥口镈钟,清乾隆,http://www.dpm.org.cn/Uploads/Picture/dc/1344.jpg,乐器,铜镀金甬纽桥口镈钟——太簇律。通高84.2厘米、横径8厘米，于径36厘米，于横径45.7厘米，乾隆二十六年；铜镀金甬纽桥口镈钟——南吕律，通高56厘米、横径5.6厘米，于横径26.5厘米，乾隆二十六年。镈钟，铜鎏金，平于，桥口，呈合瓦形，为先秦以来的编甬钟形制。与编钟不同，镈钟系“特悬”，即一圜镈钟独用一套架座悬挂。钟的架座称为簨簴，簨指横梁，簴指立柱，皆涂金漆，上簨雕龙首、植金鸾，鸾与龙首均衔五彩流苏，页板上雕双龙戏珠纹，左右两簴承以五彩伏狮。镈钟每套十二圜，以对应十二律和一年十二个月（闰月以交节为界，交节前沿用上一个月的乐律，交节后用下一个月的乐律），以钟体大小调节音高，钟愈大发音愈低。依照传统，冬至节所在的农历十一月用黄钟律，十二月用大吕律，正月用太簇律，二月用夹钟律，以此类推，至十月用应钟律。作乐时，一句歌词开唱前，先击镈钟一声，以宣其声；将唱完时，再击特磬一声，以收其韵，即孟子所谓“金声玉振”。镈钟为历代王朝宫廷雅乐的重器，朱元璋在南京建立的明朝未制作镈钟，此后失传，清早期依旧付诸阙如，康熙朝编撰《律吕正义》只是引用文献对镈钟做了纸面上的记载而已。乾隆二十四年（1759）江西临江府（今江西清江县）出土古钟十一枚，作为祥物贡入北京，乾隆皇帝亲自考订为先秦镈钟。此时恰逢平定准噶尔部叛乱战争取得重大胜利，遂效仿三代“功成作乐”的传统，于二十六年（1761）仿古钟形制新铸镈钟，亲自撰写钟铭，陆续为使用中和韶乐的各处坛庙和宫殿添配了镈钟和特磬。镈钟、特磬作为传统的“宫悬”、“金石之音”，是清宫中和韶乐专用的礼乐重器，是天地尊神和皇后至上身份的象征。其中，皇帝三大节专用黄钟律，依据《礼记》“天子日也，后月也，酉为月之正位”之义，择定南吕律用于皇太后、皇后三大节的庆贺典礼。乾隆帝御制钟铭释文：自古在昔，功成作乐。辨物涓吉，铸此钟镈。皇祖正音，中和大备。讵独是遗，或存深意。绩底西旅，瑞出西江。考制象器，协和万邦。一簴特悬，用起律首。编钟继奏，箫韶成九。宽横栾舞，必考必精。慎遵前宪，敢或损增。宣阳导阴，立均出度。万事本根，百王矩矱。繄余小子，蒙业重熙。赖天耆定，惟曰际时。范器识年，悉新已盛。铭无溢辞，惕乾懋敬。乾隆御制
音乐戏曲,碧玉描金云龙纹特磬,清乾隆,http://www.dpm.org.cn/Uploads/Picture/dc/1343.jpg,乐器,碧玉描金云龙纹特磬——黄钟律，鼓长69.3，鼓博23.2，股长46.3，股博34.3，厚2.3厘米。碧玉描金云龙纹特磬——太簇律，鼓长62.5，鼓博20.4，股长40.4，股博30.7，厚3厘米。架座通高3.5米。特磬采用整块新疆和田碧玉琢磨而成。玉质纯净莹润，琢磨精致光洁，两面饰以描金双龙戏珠和流云纹，线条生动流畅，纹饰的金黄色与玉质的碧绿色相映生辉。磬体规整平阔，类似木匠用的曲尺，只是倨句角度为钝角而非直角。磬的长边为鼓，短边为股，即《周礼·考工记》中所记载的“股二鼓三”。鼓股相交处钻有圆孔，用以穿系明黄色绦绳、悬挂于簨簴之上，以备敲击发声。前面篆乾隆皇帝御制磬铭，后篆律名“特磬第三太簇”和年款“大清乾隆二十有六年，岁在辛巳，冬十一月乙未朔，越九日癸卯，琢成。”与镈钟相同，特磬也系“特悬”，十二枚一套，以对应十二律和一年十二月，以磬体大小调节音高，磬愈大发音愈低。悬挂特磬的架座规格与镈钟架座相同，所不同者，上簨左右雕以凤首，页板上雕凤戏牡丹纹，左右两簴承以卧凫。特磬作为八音之中石之属的乐器，同样专用于清朝宫廷中和韶乐，是天地尊神和至尊皇权的身份象征。演奏时，每唱一句，先击镈钟一声，以宣其声；一句结束，击特磬一声，以收一句之韵，即孟子所谓“金声玉振”。特磬在明朝和清早期付诸阙如，同样是乾隆帝于乾隆二十六年（1761年）仿铸镈钟的同时，而诏定形制、添配出来的。当时制作玉特磬，要派人前往新疆和田采办玉料，运至京师呈皇帝御览，乐部按照形制画样呈乾隆帝钦准，然后一并发往苏州玉匠琢磨成器，最后再运回京师备用，诚所谓不远万里、不惜重金。精致辉煌的特磬，折射出乾隆皇帝崇奉儒家礼乐教化政治的观念。乾隆帝御制磬铭释文：子舆有言，金声玉振，一虡无双，九成递进。准今酌古，既制镈钟，磬不可阙，条理始终。和阗我疆，玉山是矗，依度采取，以命磬叔。审音协律，咸备中和，泗滨同拊，其质则过。图经所传，浮岳泾水，谁诚见之，鸣球允此。法天则地，股二鼓三，依我绎如，兽舞鸾鬖。考乐维时，乾禧祖德，翼翼绳承，抚是万国。益凛保泰，敢或伐功，敬识岁吉，辛巳乾隆。乾隆御制。
音乐戏曲,铜镀金镈钟,清乾隆,http://www.dpm.org.cn/Uploads/Picture/dc/53165.jpg,乐器,镈钟，清乾隆二十六年（1761年），通高49.4厘米。
音乐戏曲,碧玉描金云龙特磬,清乾隆,http://www.dpm.org.cn/Uploads/Picture/dc/53166.jpg,乐器,碧玉描金云龙特磬，清乾隆二十六年（1761年）。
音乐戏曲,粉色云金龙纹妆花缎箭衣,清乾隆,http://www.dpm.org.cn/Uploads/Picture/dc/51868.jpg,戏衣,粉色云金龙纹妆花缎箭衣，清乾隆。身长142.5厘米，两袖通长200厘米，下摆宽120厘米。箭衣，原是清朝相当于蟒袍的一种服装，龙箭衣虽织有龙纹，但并非皇帝专用。箭衣颜色分十种，穿箭衣加饰三尖，根据人物不同的身份按固定的颜色穿用。
音乐戏曲,月白色纱彩绣花卉蝶纹宫衣,清乾隆,http://www.dpm.org.cn/Uploads/Picture/dc/51862.jpg,戏衣,月白色纱彩绣花卉蝶纹宫衣，清光绪。宫衣也称宫装，衣裙一体，腰下缀彩色飘带数条，穿时加披云肩。宫衣雍容华丽，最宜表现女性典雅袅娜的姿态，为皇妃、公主燕居场合的日常礼服，后被泛用于郡主、富家小姐以彰显身份，也为仙界女性所用。
音乐戏曲,红色缎缀平金地彩绣云鹤纹方补官衣,清乾隆,http://www.dpm.org.cn/Uploads/Picture/dc/51874.jpg,戏衣,红色缎缀平金地彩绣云鹤纹方补官衣，清乾隆，身长138.5厘米，两袖通长206厘米，下摆宽130厘米，方补纵28.5厘米，横28厘米。清宫旧藏。圆领，大襟右衽，宽身阔袖，两侧开裾，衣长及足，内衬粉色素绸里。领及腋下钉红缎带各两条。胸前背后各缀红素缎方补一块，以双圆金线绣平金地，上以彩色丝绒绣线云鹤、海水江崖纹。仙鹤展翅立于湖石之上，回首望日，间饰五彩祥云，方补边框钉双圆金线三道。此衣绣工精细，针脚匀齐，用色艳丽，呈现出金彩交辉的艺术效果，这在戏衣官服中较为少见。京剧《三堂会审》中的藩司潘必正即服红官衣。官衣为文武官员的装束，胸前背后各缀一方形补子。明清两代以补子的纹样区分文武官员的级别和职务，文官的补子饰飞禽，武官饰走兽。凡穿官衣，均佩戴玉带。佩红色或紫色者表示身份品位最高，云鹤方补为一品文官的标志。
音乐戏曲,明黄色彩云金龙纹妆花缎男蟒,清乾隆,http://www.dpm.org.cn/Uploads/Picture/dc/51876.jpg,戏衣,明黄色彩云金龙纹妆花缎男蟒，清乾隆，身长136厘米，两袖通长227厘米，下摆宽90厘米。蟒袍是戏曲中最庄重之服，是帝王将相朝会理政的郑重场合才能穿用的礼服。蟒袍分男蟒、女蟒，纹饰有团龙、正龙、行龙，行龙下有海水江崖。其颜色有严格规定，分为上五色、下五色，其中明黄色为皇帝所专用。
音乐戏曲,碧玉描金编磬,清乾隆,http://www.dpm.org.cn/Uploads/Picture/dc/52014.jpg,乐器,碧玉描金云龙纹编磬，架通高350厘米，宽340厘米，磬鼓长34.4，鼓博11.7，股长22.9，股博17.1。编磬采用新疆和田碧玉琢磨而成。玉质纯净莹润，琢磨精致光洁，两面饰以描金双龙戏珠和流云纹，线条生动流畅，纹饰的金黄色与玉质的碧绿色相映生辉。磬体规整平阔，类似木匠用的曲尺，只是倨句角度为钝角而非直角。磬的长边为鼓，短边为股，即《周礼·考工记》中所记载的“股二鼓三”。股侧镌刻制作年款“乾隆二十九年制”，鼓侧则镌刻各自的律名。鼓股相交处钻有圆孔，用以穿系明黄色绦绳悬挂，以备敲击发声。编磬也是十六枚一套，外形尺寸相同，仅以磬体的厚薄区分音之高低，磬薄则音低、厚则音高。与编钟相同，十六枚编磬共用一套架座，八阳律、八阴吕分别悬挂于上、下层梁上，自低音至高音依次排列。编磬架座的规格与编钟相同，所不同者，上簨两端雕刻凤，左右两簴下承以卧凫。编磬是先秦以来历代宫廷雅乐“八音”中的重器，且具有旋律功能，与编钟合称“金石之音”，构成中和韶乐整个乐队中的骨干音。直至雍正时期，金编钟、玉编磬只用来祭天，即圜丘坛和祈谷坛特用金钟玉磬，其他坛庙和殿陛典礼一例使用灵璧石编磬，以突显对皇天上帝的尊崇。乾隆时期，国家彻底平定了新疆，和田玉料源源不断贡入京师，才逐渐突破这一礼制，大量制作玉磬，地坛、太庙等坛庙和太和殿、乾清宫等重要宫殿均更换了玉编磬。
音乐戏曲,金编钟,清乾隆,http://www.dpm.org.cn/Uploads/Picture/dc/52013.jpg,乐器,清乾隆，架高350厘米，宽340厘米，钟高23.8厘米，径16.1厘米。金编钟，以四成金铸造，双龙纽，表面镀金，成为货真价实的“金钟”（古人常称铜为金、吉金，金则称为黄金、真金，铜钟也习称金钟）。钟体呈浑圆的椭圆形，前面正中铸造年款“乾隆五十五年制”，背面则为各自的律名，饰以立体而精美的云龙纹。近口部六个凸起的圆唇，是受击而发声的部位。不同于先秦时期大小成列的编甬钟或编纽钟，清宫编钟一套十六圜外形尺寸完全相同，而以钟体厚薄为次区分音程，钟体愈薄发音愈低，依次对应倍夷则、倍南吕、倍无射、倍应钟、黄钟、大吕、太簇、夹钟、姑洗、仲吕、蕤宾、林钟、夷则、南吕、无射、应钟等清代乐律的四倍律、十二正律。演奏时，十六圜编钟悬挂在一套架座上，并区分音律的阴阳分别悬挂于上下两层梁上，即上层八阳律、下层八阴吕，均按低音至高音的顺序悬挂。悬挂编钟的架座称为簨簴，横梁为簨，上簨两端雕刻龙首，列植金鸾五只；立柱为簴，左右两簴下承以五彩伏狮和趺座。架座表面髹金漆，鸾鸟和龙首口衔五彩流苏，颇具壮丽华贵气派。编钟是先秦以来历代宫廷雅乐中的礼制重器，是“八音”中金之属的乐器。在明清宫廷中，编钟专用于坛庙祭祀和殿陛典礼所奏的中和韶乐，是天地尊神和至高皇权的身份象征。此套金编钟是乾隆帝专为乾清宫典礼改铸的。原本专用于乾清宫的铜编钟，因乾隆五十五年五月西华门内清茶房、外果房失火熏灼而不堪使用，乾隆帝干脆下旨仿照此前为宁寿宫铸金编钟例，也为乾清宫改铸金编钟。此套金编钟，共用四成金一万余两，表面五次镀金又用赤金叶数十两，耗费惊人。
音乐戏曲,蓝色缎平金绣整枝松鹤纹老旦帔,清乾隆,http://www.dpm.org.cn/Uploads/Picture/dc/13349.jpg,戏衣,蓝色缎平金绣整枝松鹤纹老旦帔，清乾隆，身长117厘米，两袖通长223厘米，下摆宽104厘米。清宫旧藏。帔直领，对襟，阔袖，裾左右开，胸前钉蓝素缎带系两条，帔内衬白素绸里。帔在蓝色缎地上用双圆金线和孔雀羽线绣松鹤纹。前后身各绣一棵松树，树上栖有仙鹤，树下湖石旁有兰花、月季、丛竹等纹饰。鹤颈及湖石平台均以孔雀羽线绣制，主要针法为平金、钉针。此帔周身纹样布局疏朗有致，翠绿的孔雀羽线与大量的金线金碧交辉，华美而典雅，充分展现出平金针法刺绣的艺术风采，在宫中戏衣中亦属不多见的佳品，为苏州绣制。
音乐戏曲,蓝色蔓草花纹锦男帔,清乾隆,http://www.dpm.org.cn/Uploads/Picture/dc/8689.jpg,戏衣,蓝色蔓草花纹锦男帔，清乾隆，身长122厘米，两袖通长235厘米，下摆宽105厘米。帔直领，对襟，宽袖，裾左右开，胸前钉锦带一副，衬里为湖色云纹方棋朵花暗花绫。面料纹饰以相同的蔓草、朵花组成左右对称、上下相对、横向排列的纹样。锦地为六枚缎纹组织，经线分两组：一组地经为蓝色，与地纬交织。一组纹经（接结经）为水粉色，正面与彩纬交织，形成纬斜纹花，反面同沉于背面的彩纬交织，使彩纬不形成拋线而成彩条状。经线直径投影宽为0.1毫米，正捻，102根/厘米。地纬直径投影宽为0.3毫米，无捻，24根/厘米，也做纹纬，与纹经交织。纹经直径投影宽为0.1毫米，20根/厘米。纹纬直径投影宽为0.35毫米，24根/厘米。彩纬颜色有大红、粉红、浅绯色、金黄、黄绿、中绿、浅雪灰、驼色、香色和白色等，使用两晕和间晕的退晕方法，令花纹色彩更加富丽典雅。此帔锦面工艺精细，构图新颖，别具一格，表现出乾隆时期苏州仿宋锦工艺织造与设色的特点。
音乐戏曲,金黄色套环团花卷草纹锦男帔,清乾隆,http://www.dpm.org.cn/Uploads/Picture/dc/8679.jpg,戏衣,金黄色套环团花卷草纹锦男帔，清乾隆，身长141厘米，两袖通长236厘米，下摆宽117厘米。帔直领，对襟，宽袖，裾左右开，领镶白色云、龙、凤、杂宝纹暗花绫缘，衬绿地折枝团花绸里。面为仿宋锦纹样，纹饰分两组：一组排列6个圆环，组成大团花，内饰6个小如意头。另一组排列6瓣花组成的小团花，形成两个散点。两排为一循环单位，构成四方连续纹样，大小团花之间以卷草纹连接。锦地为六枚缎纹组织，经丝分两组：一组为地经，金黄色，经直径投影宽为0.1毫米，108根/厘米。另一组为纹经，灰色，经直径投影宽为0.1毫米，20根/厘米，与纹纬交织。纹纬直径投影宽为0.3毫米，26根/厘米。纹纬颜色有白、月白、宝蓝、淡黄、黄绿、绿色、深绿、粉色、沉香、浅雪青和浅雪灰等13种。据清宫档案记载，苏州每年向皇室进贡定织、派织、添派织造的大批上等绸缎，交清宫内务府所设“染作”、“衣作”、“皮作”和造办处“盔头作”，用以制作帝后妃缤和皇室其他成员的袍服以及内务府戏班的戏衣。乾隆时期宫中演戏极为盛行，有“月令承应”、“庆典承应”、“朔望承应”等诸多名目。宫中有庞大的戏班，先后由“南府”和“升平署”所管辖。此件男帔为乾隆朝的戏装，整个锦面设色协调，纹样新颖别致，构图丰满匀称，织造工艺精致，为故宫博物院所藏乾隆朝苏州织造的仿宋锦纹样的杰作。
音乐戏曲,红色团夔龙寿字蔓草纹锦男帔,清乾隆,http://www.dpm.org.cn/Uploads/Picture/dc/8647.jpg,戏衣,红色团夔龙寿字蔓草纹锦男帔，清乾隆，身长134厘米，两袖通长212厘米，下摆宽110厘米。帔直领，对襟，阔袖，领下缀素缎带两条，衬绿色暗花绸里。锦面为六枚缎纹组织地，纹饰以蔓草与八合团寿构成龟背骨架式，龟背内填以团形四夔龙，组成四方连续纹样，每两排为一循环单位。纹样设色有深蓝、月白、墨绿、草绿、粉红、红、白色，并用扁金线勾边，金彩交辉，华美艳丽。锦面织造工艺精致，运用了通梭、长跑梭织造技术。在乾隆时期贡入宫中的织绣品中，此帔也是不多见的精品。帔的衬里加盖“如意”、“同春”、“景山头学”、“景中学”、“外库”等墨印。这些印记应为乾隆时期宫中戏班演戏穿用时所加盖，亦是演戏的场地、戏班机构以及戏衣所藏库房的印记。
音乐戏曲,粉色夔龙凤穿花纹锦女帔,清乾隆,http://www.dpm.org.cn/Uploads/Picture/dc/8620.jpg,戏衣,粉色夔龙凤穿花纹锦女帔，清乾隆，身长135.5厘米，两袖通长220厘米，下摆宽106.5厘米。帔直领，对襟，阔袖，裾左右开，领下缀白绫带一副，衬淡粉麻布里。此帔选用苏州织造的丝织锦裁制而成。锦料织造工艺精细，为六枚缎纹组织地。经线分两组，一组为粉红色地经，一组为纹经（接结经）与彩纬交织显花。锦面为飞凤与夔龙纹饰：一排飞凤首向左与变体牡丹花组合；一排夔龙首向右与串枝梅花组合；均为横向排列，上下交错，组成四方连续图案，纹样排列有序，生动活泼。花纹单位纵16厘米，横9.5厘米，每两排为一循环单位。彩纬设色有宝蓝、绿、白色，采用长跑梭的织造方法。其余部分以大红、粉红、浅雪灰、浅黄、绿、黄绿、墨绿、月白、湖色、绛色、沉香等14种色丝，采用分段换色、通梭的织造方法。锦面色彩艳丽，加之精心选配的纹样，此帔堪称乾隆时期织锦的上乘之作，亦为苏州仿宋锦之典型作品。女帔衬里背部钤墨印：“内三学记囗”、“景教习用”，故知为清代宫中戏班及其教师所穿用。
音乐戏曲,“飞龙”琴,清嘉庆,http://www.dpm.org.cn/Uploads/Picture/dc/25815.jpg,乐器,“飞龙”琴，清嘉庆，通长123.6厘米，隐间112.8厘米，额宽14.7厘米，肩宽8.4厘米，尾宽12.8厘米，厚5.5厘米。清宫旧藏。此琴琴式较为奇特，或系道家物。琴桐面梓底，通体黑漆，鹿角霜胎，发牛毛断纹。池、沼俱作五连弧形。木足仅剩其一。面底周边包括焦尾俱浮刻云纹，尤其从其侧面可以清楚地判定制作者取龙形。琴底龙池上方大书篆文“飞龙”琴名。池右刻填绿篆书琴铭：龙之皮，虎之髓，有时吟，忽而啸。音化西山白额，声如东海蒲牢，风云并际兮入青霄。池左填红行书落款“翀壶子江一圭跋，贯道子沈潜篆”。池下方有大红篆印“平江贯道子整”、“翀壶子藏”。池内两侧红字“嘉庆己未无射月重整，平江贯道子沈潜传斲”，“嘉庆己未”即清嘉庆四年（1809年）。
音乐戏曲,蓝色缂丝金海棠蝶纹褶子,清同治,http://www.dpm.org.cn/Uploads/Picture/dc/51873.jpg,戏衣,蓝色缂丝金海棠蝶纹褶子，清同治。身长145.5厘米，两袖通长216厘米，下摆111.5厘米。褶子是舞台上用途最多、最为常见的一种袍式服装，属于便服类，文武、贵贱、男女、老少均可穿用。有花素、软硬之分，软者为绉绸类，硬者为缎地。根据人物的不同身份、性格而穿着各异。
音乐戏曲,“残雷”琴,清光绪,http://www.dpm.org.cn/Uploads/Picture/dc/613.jpg,乐器,“残雷”琴，清光绪，通长118.8厘米，隐间110厘米，额宽17.3厘米，肩宽18.2厘米，尾宽12厘米，厚4.5厘米。琴落霞式，黑色光漆，蚌徽，牛角轸。岳山内雕有梅花、龙池、凤沼，均作圆形。焦尾雕灵芝云纹，尾托作藤蔓纹，左右对称。琴面为桐木斫。琴背面龙池之上刻楷书“残雷”二字，其下刻有行楷三十五字：“破天一声挥大斧，干断柯析皮骨腐。纵作良材遇己苦，遇己苦，呜咽哀鸣莽终古。谭嗣同作。”均填以石绿。诗左下方刻长方形朱文印，篆“壮飞”二字。楷书腹款：浏阳谭嗣同复生甫监制霹雳琴第弍光绪十六年。“残雷”诗见于谭嗣同手稿《秋雨年华之馆从脞书》中，光绪十六年(1890年)，谭嗣同只有25岁。此琴为谭嗣同用雷劈梧桐监制的古琴之一，不同于一般清琴，弥足珍贵。1952年钱君宜先生将此琴捐献故宫博物院。
音乐戏曲,武生巾,清光绪,http://www.dpm.org.cn/Uploads/Picture/dc/51895.jpg,戏衣,武生巾，清光绪。高24厘米，宽35厘米，口径17厘米。巾分文、武生两种，武生巾后无飘带，巾顶至两耳边有硬如意纹样，上绣五彩图案，两耳下垂纹穗，并在顶部加一绸结，为戏曲表演中武生所用。
音乐戏曲,圆笼,清光绪,http://www.dpm.org.cn/Uploads/Picture/dc/52054.jpg,道具,圆笼，清光绪。高37厘米，直径47厘米。圆笼亦称盔头箱，存放盔头，即戏中人物所戴的各种帽子，如夫子盔、帅盔、草王盔、凤冠、七星额子等。
音乐戏曲,戏箱,清光绪,http://www.dpm.org.cn/Uploads/Picture/dc/52055.jpg,道具,戏箱，清光绪。高70厘米，长95厘米，宽60厘米。戏衣箱是盛放各种戏装的箱子。因戏曲有文、武场之分，戏装类别繁多，为取用方便，故有大、二、三衣箱之分。大衣箱存放文服，有富贵衣、蟒、帔、褶子等类；二衣箱存放武服，有靠、箭衣、打衣打裤、短打衣等；三衣箱存放内衣和靴、水衣、胖袄、护领、彩裤、打鞋等。还有把子箱、杂箱。管理衣箱的人员俗称“箱上的”。
音乐戏曲,绿色缎平金绣十团鹤纹开氅,清光绪,http://www.dpm.org.cn/Uploads/Picture/dc/51875.jpg,戏衣,绿色缎平金绣十团鹤纹开氅，清光绪。身长139厘米，两袖通长206厘米，下摆107.5厘米。开氅属于军中官员之便服，没有铠靠庄重。其图案，文官为飞禽，武官为走兽。
音乐戏曲,青色万字三元纹暗花绸富贵衣,清光绪,http://www.dpm.org.cn/Uploads/Picture/dc/51877.jpg,戏衣,青色万字三元纹暗花绸富贵衣，清光绪。身长131.5厘米，两袖通长205厘米，下摆宽93厘米。富贵衣为衣箱内第一件行头。在青绸褶子上钉缀各色碎绸块，表示穷苦之意，专为贫寒才子所用，穿此衣将来必富贵，故名富贵衣。
音乐戏曲,白色纳纱西湖风景图达婆衣,清光绪,http://www.dpm.org.cn/Uploads/Picture/dc/13348.jpg,戏衣,白色纳纱西湖风景图达婆衣，清光绪，内务府造办处绣作绣制，身长87.5厘米，两袖通长136.8厘米，下摆宽90.5厘米。清宫旧藏。衣大襟，立领，钉铜光素扣绊6对。衣在白色直径纱地上纳绣西湖风景图样。绣面采用正二丝串、斜一丝串（打点绣）针法绣制。衣面纹饰计有红、粉红、绿、浅绿、沉香、浅杏黄、金黄、黑等十几种色彩，设色艳丽丰富，绣工精致，针脚匀齐，纹样俏皮活泼而布局匀称。衣周身镶棕色直径纱纳绣地景人物纹边饰，宽7.7厘米。棕色宽边内又镶驼色与果绿色绦边各一道，宽窄不同，织纹为暗八仙。袖口亦镶宽9.8厘米的棕色边。此为清光绪朝戏衣中纳纱绣品种的杰作。
