文物类型,文物名称,时代,图片链接,文物简介
首饰,白玉镂雕凤凰坠佩,宋,http://www.dpm.org.cn/Uploads/Picture/dc/56278.jpg,白玉镂雕凤凰坠佩，宋，长5厘米，宽3.5厘米，厚0.5厘米。坠佩呈片状，正面略鼓，背面稍平。双面雕工，镂雕凤凰衔草纹，刀法简洁。宋代玉佩饰品种极多，有带饰、佩饰等多种形式。从目前发现的宋代佩玉看，属璜、环、珩、冲牙体系的古代佩玉已不再流行，而代之以鱼、花、鸟、兽、人物等坠佩。其中鸟形玉佩极多。整体采用镂雕技法，透空的比例几乎等同于留料处，显示出独特的风格和玉质的莹润与坚实。
首饰,嵌米珠珊瑚素钿子,清,http://www.dpm.org.cn/Uploads/File/2017/10/25/15089164212267.jpg,嵌米珠珊瑚素钿子，清，高18厘米，直径18厘米，钿子顶宽27.5厘米，长20厘米。清宫旧藏。该钿子所装钿花均用金片做成的云纹形状为底，并在其上使用了点翠作为装饰。金片之上，用细小的米珠串成了盘长结的形状，米珠盘长结之上，用细小的红色贵珊瑚珠子串成了“寿”字纹样。盘常结象征长久永恒，与“寿”字组合，取长寿的吉祥寓意。钿子，满语称作“šošoniweren”，为满族妇女特有的一种头饰，用铁丝和丝绒编成，使用时覆罩在发髻上。钿子上装饰有各式各样的钿花，都是可拆卸的，使用者可以根据个人喜好以及流行款式变化，更换钿子上的钿花。钿子根据所装钿花的多少以及样式，可分为半钿、满钿和凤钿，各有不同的使用场合。这件钿子装置的钿花不多，属于半钿，供日常非正式场合使用。
首饰,伽南香碧玺扁方,清,http://www.dpm.org.cn/Uploads/File/2017/10/23/15087487028713.jpg,伽南香碧玺扁方，清，通长29.8厘米，宽2.9厘米。清宫旧藏。扁方为清代后妃喜爱的头饰。满族妇女有一种特殊的发式名曰两把头，扁方即用来贯连固定这种发式的饰物。清宫所藏的扁方种类和数量都很多。此扁方以伽南香做成，扁长方形条状。伽南香即沉香，也称奇南香，伽南即梵语之“僧院”之义。它产自南亚，可做药材，常用来做礼佛的念珠手串。此扁方四周围绕金丝镶嵌回纹，用翠雕流云和粉碧玺蝙蝠交相排列，显出流动变化的韵律，华丽中又见活泼。
首饰,伽南香木镶金手镯,清,http://www.dpm.org.cn/Uploads/Picture/dc/56275.jpg,伽南香木镶金手镯，清，外径8.5厘米，内径6厘米，厚1.5厘米。手镯圆形，伽楠香木制成，内圈为金质。木面上镶嵌由小金珠制成的团“寿”字和长“寿”字纹，口边为金累丝乳丁纹。伽南香，又称奇南香、茄南香，产于印度、泰国、越南等地，我国广东琼州诸山亦有出产。芯材为著名熏香料。据说，大蚁在香木中筑穴，大蚁所食香蜜遗渍木中，天长日久，香木未死称为生结，木死而成为糖结，木性多香味少的称为虎斑金丝结。糖结发黑，金丝结颜色黄，香气四溢，夏天佩戴可驱邪避秽，还可以药用。
首饰,金环镶东珠耳饰,清,http://www.dpm.org.cn/Uploads/Picture/dc/56274.jpg,金环镶东珠耳饰，清，每个环通长4.3厘米，直径1.5厘米；玉盒长10.3厘米，宽7厘米，高4厘米。耳坠为金质，上端为圆环，环下有累丝五瓣花形坠盖，其下嵌两粒东珠，中作螺丝，上下串起，底部有梅花形纽。全套耳饰共6件，所嵌12粒珠皆圆润有光、颗粒均匀。附青玉长方盒及红木长方盒各一。东珠产自中国东北松花江。因其地为满族肇兴之地，产量又极为稀少，被满族统治者清帝视为极品。
首饰,玳瑁镶珠石翠花扁方,清,http://www.dpm.org.cn/Uploads/Picture/dc/56273.jpg,玳瑁镶珠石翠花扁方，清，长33厘米，宽3厘米。扁方为玳瑁质地，上镶嵌各种珠宝。其顶部嵌翡翠浅浮雕蝠纹饰片，两端饰金累丝连钱纹片，上镶嵌宝石雕刻成的水仙花：翡翠薄片为水仙花叶，以白玉为水仙花头，碧玺为花朵，红宝石为花蕾。用料华贵，工艺精美细致。扁方是满族妇女梳“两把头”必备的饰品。此件是清宫后妃日常用品。玳瑁是深海爬行动物，似龟，甲壳黄褐色，有黑斑，质细腻光洁。因其贵重稀缺，清宫后妃常用来做首饰。
首饰,银镀金点翠穿珠流苏,清,http://www.dpm.org.cn/Uploads/Picture/dc/56272.jpg,银镀金点翠穿珠流苏，清，通长43厘米，宽4.5厘米。流苏由银钎和三串珍珠构成。银钎顶端为银镀金点翠云蝠纹饰，寓意“福在眼前”。云蝠有孔穿环，与三串珍珠相连，珍珠共计104粒。每串珍珠有珊瑚制成的“囍”字两枚以作点缀。珠下端有红宝石坠角3个。两块结牌将三串珍珠相连，结牌作银镀金点翠云蝠纹，两端各嵌红宝石一块。流苏俗称“挑子”，属于步摇一类，每逢宫中帝后大婚或吉庆节日，后妃皆喜欢佩戴。
首饰,银镀金嵌珠宝钿花,清,http://www.dpm.org.cn/Uploads/Picture/dc/56271.jpg,银镀金嵌珠宝钿花，清，长14.5厘米，宽11.8厘米。钿花银镀金地上雕如意头形灵芝等仙草，仙草纹样用金属线勾勒，曲折四蔓，细腻精工。线条间凹陷处点翠，装饰精美。錾刻加累丝的六朵灵芝内多嵌有宝石，中心一朵所嵌为珍珠。枝叶果实装饰四周，果实以红宝石、蓝宝石、珍珠和晶石等构成。造型生动，纹饰寓意吉祥长寿。
首饰,梅蝶点翠头面,清,http://www.dpm.org.cn/Uploads/Picture/dc/56349.jpg,梅蝶点翠头面，清，横29厘米，竖14.5厘米。清宫后妃着吉服时，头上需戴钿子，头面则是钿子顶的装饰物。这件头面通体为点翠工艺制成，先在地子上镂雕出六角菱花纹，再施点翠工艺，并将点翠的梅花、蝴蝶贴在菱花上。梅花的花蕊用金色缉线和料珠制成，蝴蝶的触须为捻金线制成。头面的配色素雅不失华丽，用料简单不失精美。此件既可装在钿顶上佩戴，也可以在上面另装饰更华美的钿花。
首饰,银镀金嵌珠双龙点翠长簪,清,http://www.dpm.org.cn/Uploads/Picture/dc/56269.jpg,银镀金嵌珠双龙点翠长簪，清，横27厘米，纵6厘米。长簪银镀金质地，雕作祥云并点翠，上有双龙戏珠。镶嵌有珍珠、珊瑚。龙头点翠、嵌珠，龙睛为两颗珍珠，龙角为珊瑚枝，龙触须为金累丝，并于顶端镶嵌珍珠各1粒，龙身以珍珠镶嵌。两龙之间的火珠分三层，底层为珊瑚米珠镶嵌，二层为缉米珠镶嵌，上层为珊瑚米珠镶嵌，正中镶嵌珍珠一粒。此簪用材、工艺多种多样，造型繁复，双龙矫健，立体生动，火珠层次鲜明，堪称精美。
首饰,镶宝石碧玺花簪,清,http://www.dpm.org.cn/Uploads/Picture/dc/56268.jpg,镶宝石碧玺花簪，清乾隆，长25厘米，宽12厘米。花簪为铜镀金点翠，上嵌碧玺、珍珠、翡翠。以碧玺做立体芙蓉花，花蕊为细小米珠，花叶为翡翠薄片细雕而成，花蕾为碧玺雕成，花托为点翠。一只蝴蝶停落于芙蓉花上，其翅膀为翡翠薄片雕成，并嵌珍珠、碧玺。整个花簪用料讲究、华贵。花簪使用了雕刻、金累丝、串珠、镶嵌、点翠等多种工艺，均细致精美，立体感强，彰显了皇家用品的尊贵。其中翡翠薄片的雕刻是广东宝玉石雕刻行典型的代表作，又称为“广片”，其特点是薄而匀、精而细，常用来雕刻花叶、蝴蝶翅膀。
首饰,嵌宝石点翠花簪,清,http://www.dpm.org.cn/Uploads/Picture/dc/56267.jpg,嵌宝石点翠花簪，清乾隆，长14.5厘米，宽12厘米。花簪为铜镀金点翠，上嵌红宝石、碧玺、翡翠、珊瑚、珍珠等珠宝。花簪上装饰的穿珊瑚珠“囍”字、点翠如意、点翠蝙蝠、点翠飘带等，寓意万代福寿如意。花簪工艺繁复，选料名贵，是清宫后妃在喜庆吉日、盛典时着吉服、便服时所用，也是后妃首饰中的精品。
首饰,翠佛手佩,清,http://www.dpm.org.cn/Uploads/Picture/dc/56279.jpg,翠佛手佩，清，通长10厘米，佩长4.5厘米，佩宽3厘米。佛手佩以质地上乘的整块翠做成，碧绿的色度，点缀粉色的碧玺珠，将小巧玲珑的翠佩衬映得更加精致。佛手因“佛”与“福”的谐音，被当作吉祥物，常与桃及石榴等图案一同出现，并被称为“三多”，即多福、多寿、多子之意。   佩，男用系于腰间，女用挂于胸前。这件应是清代后妃所用。
首饰,金錾古钱纹指甲套,清,http://www.dpm.org.cn/Uploads/Picture/dc/56277.jpg,金錾古钱纹指甲套，清，长5.2厘米。指甲套以金片捶揲弯卷而成。通体细长，由套管至指尖逐渐变细，套管以下部位为中空覆瓦形。套管表面装饰累丝双连古钱纹，其余部分满饰捶揲逑路纹。背面等距焊接窄条金片，既可护长甲，又利通气，并可减轻整体重量。中国社会自古及今对女性的纤纤十指有着独特的审美传统，妇女蓄甲颇为流行。指甲套称护指，又称义甲，是妇女的指部装饰，既能让十指看起来纤如春笋，同时也起保护指甲的作用。此外，古时弹筝通常戴银制的义甲，即所谓的银甲或银指甲。护甲的使用，至少可追溯到汉代，在汉代及隋代墓葬中都有出土，惟比较少见。清代护指传世颇多。护指绝大多数以金、银制作，有少数为珐琅或铜质，也有采用玻璃的。戴时可用几个，也可将十指全部套上。
首饰,珊瑚十八子手串,清,http://www.dpm.org.cn/Uploads/Picture/dc/56276.jpg,珊瑚十八子手串，清，通长29厘米，周长35厘米。手串以十八颗珊瑚珠串成，以青金石佛头、结珠及翡翠坠为饰。手串雕工精细，雕刻四面“囍”字的珊瑚珠与两面“囍”字的青金石佛头、结珠，使本来不甚鲜亮的珠体倍加耀眼；翠坠角虽小，但也是将雕刻发挥到了极致，将一只蝙蝠口衔“五铢”钱币的动态雕琢得栩栩如生，并具有“福在眼前”之吉祥寓意。此为清代后妃首饰。
首饰,点翠凤凰纹头花,清,http://www.dpm.org.cn/Uploads/Picture/dc/59773.jpg,点翠凤凰纹头花，清，横15厘米，纵15厘米。头花造型为一回首凤凰，使用三种不同颜色的翠羽装饰。凤凰头冠为紫色翠羽点白色小点，脖颈、翅膀、尾部装饰宝蓝色翠羽，身上的羽毛则为勾勒金边的淡蓝色翠羽。凤凰尾部开五岔，末端均饰小珠一颗。尾部之上装饰点翠牡丹一朵。头簪小巧精致，虽未用宝石装饰，但却使用不同颜色的翠羽对凤凰的诸多部位予以点缀，加之羽毛采用金边装饰，使头花的色彩非常丰富，是制作工匠的用心之举。
首饰,铜镀金刻花镶玛瑙委角形粉盒,清,http://www.dpm.org.cn/Uploads/Picture/dc/57204.jpg,铜镀金刻花镶玛瑙委角形粉盒，清中期，长7厘米，宽5.3厘米。清宫旧藏。粉盒形似如意头，前启盖，上下各嵌欧洲彩石一块。石呈褐色，间晕白色，花纹美丽清晰，光亮平滑。盒周围刻欧洲流行的贝壳卷叶花纹。这种纹饰常用于广东器物上，极具地方特点。为清代宫廷皇室盛香粉或鼻烟所用。
首饰,红玛瑙十八子手串,清,http://www.dpm.org.cn/Uploads/Picture/dc/57208.jpg,红玛瑙十八子手串，清，长31厘米，手串直径12厘米。清宫旧藏。手串共红玛瑙十八颗，青金石结珠三颗。青金石佛头及佛头塔装饰以珊瑚珠与米珠。背云为点翠椭圆牌，中央镶嵌椭圆形红玛瑙一块，其下装饰珊瑚珠与米珠。坠角为镀金钟形嵌件，嵌镶红玛瑙两颗，其上装饰小珍珠一粒。手串是清代女性较为喜爱的饰物之一，既可以戴于手腕、把玩于指掌间，又可悬挂于衣襟之上。此件手串选用红色玛瑙，配以青金石，明艳又不失稳重，既端庄又华丽。
首饰,伽南香福寿十八子手串,清,http://www.dpm.org.cn/Uploads/Picture/dc/57209.jpg,伽南香福寿十八子手串，清，全长30厘米，手串直径13厘米。清宫旧藏。手串是由十八颗球状的伽南香木及结珠、佛头、背云、坠角串成，每颗珠上嵌金质长、圆“寿”字各两个，佛头、背云、坠角均嵌金质“寿”字。手串用黄色丝绳穿结而成，并以珊瑚、珍珠米珠做装饰。伽南香亦称沉香，是一种既可散发香气又可药用的香木，多用来做成各种佩饰，可散发出淡淡的幽香。此手串是清代宫廷后妃所用。
首饰,琥珀猴桃纹佩,清,http://www.dpm.org.cn/Uploads/Picture/dc/13048.jpg,琥珀猴桃纹佩，清，全长12厘米，佩件长5厘米，宽5厘米，高3厘米。清宫旧藏。佩以琥珀雕刻，几只小猴攀爬于大桃上，造型栩栩如生。此佩光润的油脂呈暗红色，做工也精湛，是清代琥珀饰品中的上乘佳品，应为清宫后妃挂在身上的一种装饰品。琥珀是由松柏科树木的树脂埋于地层数千年而形成的透明或半透明树脂化石，可分为金珀、血珀、虫珀、花珀等种类，既可雕琢成饰品，也是一种名贵的中药材。
首饰,铜镀金嵌石耳坠,清,http://www.dpm.org.cn/Uploads/Picture/dc/57210.jpg,铜镀金嵌石耳坠，清，高3.5厘米，长6厘米，宽5厘米。耳坠的耳圈为铜镀金，上坠白色包嵌红色花心的彩石，是清代后妃耳饰之一种。在耳圈中有垂挂饰物的称耳坠，耳圈清代多以金属制成，如金、银，也可用白玉、珊瑚等，其垂挂物则可用各种材质，如钻石、红蓝宝石、珍珠、翡翠、碧玺、珊瑚等。这件铜镀金嵌石耳坠所用彩石虽然不是珍贵珠宝，但造型独特，做工精细，红白搭配，色彩亮丽，有其独特韵味。
首饰,点翠菊花纹头花,清,http://www.dpm.org.cn/Uploads/Picture/dc/57211.jpg,点翠菊花纹头花，清，横20厘米，纵20厘米。清宫旧藏。头花以银镀金材质做成菊花纹底托，上嵌点翠，是清代后妃头饰之一种。此头花以翠鸟羽毛粘制菊花及花叶。菊花寓祝福长寿之意。其做工精良，是清代后妃首饰中常用的款式之一。
首饰,点翠海棠花纹头花,清,http://www.dpm.org.cn/Uploads/Picture/2022/03/11/s622aa7667d3f9.jpg,点翠海棠花纹头花，清，横22厘米，纵20厘米。清宫旧藏。头花用银镀金材质做底托，其上镶嵌点翠，用玉石做成海棠花形装饰。点翠是我国古老的传统工艺，是用翠鸟的羽毛粘贴在金银制成的金属底托上而制成的。由于羽毛柔细，且色彩经久不褪，因此，虽历数百年的点翠饰品仍会明艳如初。这件点翠海棠花纹头花即用翠蓝色鸟羽粘贴而成，与白色玉石制成的海棠花交相衬托，于朴素中凸显高雅，于寻常中别具韵味，应是清代宫廷后妃喜爱的一款头饰。
首饰,点翠子孙万代纹头花,清,http://www.dpm.org.cn/Uploads/Picture/dc/57214.jpg,点翠子孙万代纹头花，清，长16.5厘米，宽16厘米。清宫旧藏。头花以点翠工艺装饰凤鸟、葫芦、蝙蝠与双钱纹绶带，中央以红色丝绳编结两长蕊，蕊顶串接小珍珠两颗。凤鸟翅膀用蓝色翠羽制作，凤鸟冠、喙染以橘红色，凤鸟尾部用深色翠羽制作。蝙蝠翅膀局部装饰颜色较深的翠羽。整枝头簪凤鸟曲颈飞翔，蝙蝠飞动，造型生动。葫芦寓意子孙福禄，蝙蝠与双钱纹暗喻福至眼前，双凤吉祥欢快，整枝头簪暗喻子孙绵延、福禄万代。头花是女性日常生活中的重要装饰物，反映着女性的审美观念。此件头花表现了清代宫廷对于子嗣与福禄题材的喜爱。
首饰,点翠勾莲寿纹头面,清,http://www.dpm.org.cn/Uploads/Picture/dc/57215.jpg,点翠勾莲寿纹头面，清，长24.5厘米，宽18厘米。清宫旧藏。点翠头面近似半圆形，以花叶相勾连衬底。头面正中莲花一朵，围绕圆寿字六个。其上下左右各有一朵同样大小的莲花，大莲花之间又点缀小莲花，花蕊用黄色丝线编结而成。共计莲花九朵。头面通体用蓝色翠羽点翠，局部枝叶使用颜色较深的翠羽点翠。头面是清代吉庆场合后妃穿着吉服时头上所带钿子的装饰物，此头面乃钿子顶部装饰物。头面色彩明丽柔和，风格纤细奢华。莲花与“寿”字的组合寓意长寿，是清代吉庆纹饰的常用题材。
首饰,珍珠,清,http://www.dpm.org.cn/Uploads/Picture/dc/50789.jpg,珍珠，清，最大径均约为3.2厘米。珍珠共三颗，均为超大异型海水珍珠，虹彩光泽。珍珠为贝类所生，主要化学成分是碳酸钙，一般为白色，久用易变黄，故有“人老珠黄”之喻。海水珠大颗粒较多，但不如淡水珠圆。珍珠主要产于波斯湾和中国等地。我国海水珠主产于南海，历史上著名的有合浦珠。
首饰,金錾花嵌珠宝扁方,清,http://www.dpm.org.cn/Uploads/Picture/dc/50620.jpg,金錾花嵌珠宝扁方，清，长31厘米，最宽4.3厘米。扁方呈长条形，正面錾刻锦纹，两边缘錾刻五瓣花纹，其上镶嵌粉碧玺蝴蝶及翠玉枝叶。一端嵌翠玉蝙蝠，两头嵌珍珠各一。端头有“粤东”、“新长兴”、“足金”等戳记。故宫博物院另有一件收藏品，与此为一对。
首饰,银点翠嵌蓝宝石簪,清,http://www.dpm.org.cn/Uploads/Picture/dc/50613.jpg,银点翠嵌蓝宝石簪，清，长9.5厘米，宽2厘米。簪身银质。簪柄有三层银镀金点翠莲花托，一层为覆莲式，第二层为仰莲上嵌珍珠一颗，第三层为多层仰莲上嵌蓝宝石一块。此簪所嵌蓝宝石大而圆润，成色上佳。
首饰,翠扳指,清,http://www.dpm.org.cn/Uploads/Picture/dc/50611.jpg,翠扳指，清，径3.2厘米，高2.5厘米。此扳指翠玉质地。形制为两端平齐、外周平滑的圆筒。通体光素。扳指，古称韘，是扣弓弦的器具，套于拇指之上，防止拉弓时勒伤手，最初多用骨或象牙制作。清代逐渐成为豪官显贵手上的一种装饰品，原料多样，玉、翡翠或金银为贵重材料作品，有的还饰有纹饰或镌刻诗句。
首饰,金珀光素扳指,清,http://www.dpm.org.cn/Uploads/Picture/dc/50596.jpg,金珀光素扳指，清，高2.5厘米，口径3.2厘米。扳指圆柱形，通体光素无纹饰，深桔黄色，全透明，内含多道冰裂纹。金珀与琥珀、蜜蜡都是指松树的脂液被埋藏于地下多年后随自然条件的变化而形成的固体。金珀因其颜色为金黄色而得名，金珀形成的年份较短，琥珀形成的年份较长，所以有“千年的金珀，万年的琥珀”之说。扳指的前身是古代所称的“韘”。《说文》云：“韘，射决也，所以拘弦。”可知韘是一种专供射箭拘弦时以保护手指的器具。商代殷墟妇好墓中出土了一件玉韘，圆筒状，一端平齐，一端为斜口，一侧面有一凹槽。汉代时玉韘已变成了韘形的鸡心佩，到了清代玉韘又演变成圆筒状、无凹槽的扳指，一般套在大拇指上，仅起到装饰的作用。扳指在清代大量制作，非常盛行，质地以白玉、青玉、翠玉为多，有的还饰有纹饰和诗句。用金珀制作的扳指极少，且如此晶莹剔透，非常珍贵。
首饰,翠镶金里扳指,清,http://www.dpm.org.cn/Uploads/Picture/dc/50591.jpg,翠镶金里扳指，清，径3.2厘米，高2.5厘米。扳指圆筒形，套有金里。上端口沿磨平，下端口沿直平，通体光素。此物是清宫造办处制造，为皇帝所专用。其翠色纯净，光泽温婉，为翡翠之上品。扳指，古称韘，是扣弓弦的器具，套于拇指之上，防止拉弓时勒伤手。扳指在清代盛行，并逐渐演变成豪官显贵手上的一种装饰品。扳指最初多用骨或象牙雕制，清代的原料多选用玉、翡翠或金银，有的还饰有纹饰和镌刻诗句。
首饰,翠十八子手串,清,http://www.dpm.org.cn/Uploads/Picture/dc/15892.jpg,翠十八子手串，清，周长30厘米，珠径1.2厘米。手串由18颗翠珠组成，其间有粉色碧玺结珠两颗，下结珠与碧玺佛头相连。佛头下有金质铃杵，铃杵上下穿珍珠，再下有金点翠六瓣式结牌，上嵌红宝石两颗，钻石四颗，正中嵌东珠一颗。结牌下连碧玺坠角两个，坠角上方穿珍珠和珊瑚米珠。
首饰,翠镯子,清,http://www.dpm.org.cn/Uploads/Picture/dc/50606.jpg,翠镯子，清，一对，直径8.1厘米。手镯翠质。翠色莹润，偶有艳绿，水头足，堪称“高翠”。镯呈椭圆形，外侧阴刻如同包袱系结的袱系纹。镯，又称臂环，中国古代男女通用，唐、宋时成为女性装饰品，清代戴手镯成为女性时尚。清宫手镯种类繁多，有玉、翠、玛瑙、金、银等质地，有的有镶嵌。
首饰,翠花蝶叶式佩,清,http://www.dpm.org.cn/Uploads/Picture/dc/19840.jpg,翠花蝶叶式佩，清，长4厘米，宽3.5厘米。佩翠质绿色，颜色较均匀。佩为椭圆形，两面雕成荷叶式，正面雕有蝴蝶和海棠花叶各一，上系碧玺结珠，上下各有米珠一组。佩之叶脉雕刻的生动细腻，惟妙惟肖，配以粉色结珠尤显清新雅致。
首饰,伽南香木嵌金珠寿字手镯,清,http://www.dpm.org.cn/Uploads/Picture/dc/23688.jpg,伽南香木嵌金珠寿字手镯，清，直径7.4厘米。手镯由伽南香木制成，里衬为金质，外表镶嵌由小金珠制成的团形“寿”字和长形“寿”字，口边饰金累丝乳丁纹。伽南香又称奇南、茄南。其芯材为著名熏香料，产于印度、泰国、越南等地，我国广东琼州诸山亦有出产。据说，大蚁在香木中筑穴，大蚁所食香蜜遗渍木中，天长日久而生结，香木未死称为生结，木死而成为糖结。糖结发黑，上面有线像金丝，香气四溢，夏天佩带可驱邪避秽，还可以药用。
首饰,银镶珊瑚领约,清,http://www.dpm.org.cn/Uploads/Picture/dc/23129.jpg,银镶珊瑚领约，清，周长46厘米，内径22厘米。领约环形，活口开合式。环共三节，两节为银镀金质，雕云蝠纹和双喜字、寿字；一节为红珊瑚质，镶红珊瑚6块，外包银点翠云头纹和双喜字，喜字上嵌红宝石、碧玺。活口处系两条绦带，穿系雕有龙纹和寿字的红珊瑚结，下有红珊瑚坠角，带上并有喜字穿珠10组。领约又称项圈，用于约束颈间衣领，为清代后妃礼服用品。
首饰,金嵌珠宝点翠盘长式耳环,清,http://www.dpm.org.cn/Uploads/Picture/dc/23687.jpg,金嵌珠宝点翠盘长式耳环，清，一对，高2.6厘米，宽2厘米。耳环通体铜镀金质，半环状，环面上嵌满缉米珠，开合处有弹簧衔接金钩。半环的一端为双层盘肠结，下层点翠，上层嵌珊瑚米珠，正中嵌大东珠一颗。此耳环是江南苏州织造向宫内进贡的。
首饰,碧玺珠翠手串,清,http://www.dpm.org.cn/Uploads/Picture/dc/23125.jpg,碧玺珠翠手串，清，周长30厘米。手串由18颗粉色碧玺珠穿成，间有翠质结珠两个，俗称“佛头”。其中一佛头下接佛塔一，系丝线及一珊瑚杵，下连翡翠盘肠背云，上下各系珍珠一，再下为果实形深绿色翠坠角两个，坠角上有小珍珠二。共有红白米珠10组。碧玺的颜色柔和清澈。此手串为十八子手串。十八子手串是由佛教念珠演化而成的一种饰物，可以佩带于衣服上、挽在手腕上或闲暇时把玩，由18颗珠子组成，故而得名。其材质一般为翡翠、珍珠、碧玺、蜜蜡、珊瑚、伽楠木等。
首饰,银镀金点翠串珠流苏,清,http://www.dpm.org.cn/Uploads/Picture/dc/23128.jpg,银镀金点翠串珠流苏，清，一对，通长27.5厘米，钎长20厘米。流苏由银钎和三串珍珠构成。银钎顶端为银镀金点翠云蝠纹饰，两端嵌红宝石。云蝠有孔穿环，与三串珍珠相连。三串珍珠每串为34颗，共计102颗。每串珍珠有珊瑚制成的喜字结珠两枚，珠下端有红宝石坠角。两块结牌将三串珍珠相连，结牌作银镀金点翠云蝠纹，两端各嵌红宝石一块。流苏为清代后妃的首饰，俗称“挑子”，属于“步摇”一类。每逢宫中帝后大婚或吉庆节日，后妃的头上都要佩戴流苏。
首饰,银鎏金累丝嵌珠石指甲套,清,http://www.dpm.org.cn/Uploads/Picture/dc/25605.jpg,银鎏金累丝嵌珠石指甲套，清，长9厘米，底部外径1.40厘米，内径1.10厘米，顶部0.50厘米。清宫旧藏。指甲套为银鎏金，通体采用累丝工艺，并以点翠装饰蝙蝠图案和“寿”字图案。蝙蝠上嵌红色宝石一粒，“寿”字上镶珍珠一颗。清代贵族女子有留长指甲的风习，因此，清代常用金银作成指甲套，也有铜镀金累丝、铜镀金镂空等形式的指甲套。此指甲套以累丝工艺做成古钱纹，制作细致，为清代后妃所用。
首饰,金嵌玉石扁方,清,http://www.dpm.org.cn/Uploads/Picture/dc/25371.jpg,金嵌玉石扁方，清，长30.70厘米，宽3.90厘米。清宫旧藏。扁长体，簪头为卷花瓣形，上嵌翡翠质蝙蝠，两侧嵌碧玺梅花、珍珠各一。簪身为金镂空古钱地，梅花边。上嵌双蝠捧团寿与万字花相间，花心嵌珍珠。蝙蝠为粉红色碧玺，团寿及飘带花为翡翠。簪头背面有“粤东南发足金”戳记，显示为广东造。
首饰,青白玉扁方,清,http://www.dpm.org.cn/Uploads/Picture/dc/25601.jpg,青白玉扁方，清，长32.30厘米，宽2.90厘米。清宫旧藏。清代后妃所用扁方是簪中最有特色者，又称“大扁簪”。贯穿于发髻之中，多以金、银、玉等材料制成。此扁方白玉质，玉质温润。扁长体，头为五朵梅花形。簪身镂空寿字与万字相间，表面抛光。
首饰,金镶东珠耳环,清,http://www.dpm.org.cn/Uploads/Picture/dc/21091.jpg,金镶东珠耳环，清，一对，长2.3厘米。耳环为金托，镶三颗东珠，珠质光洁润泽，颗颗饱满。此耳环式样简约大方，是清宫皇后所用之饰物。清廷将产在满族龙兴之地——东北松花江流域的珍珠称为“东珠”，视之为珠宝饰物中品级最高者。凡是表面光泽呈半透明状、质地结实凝重、形状圆浑且颗粒较大有异彩者均被视为上品。中国自汉代就有妇女戴耳环的记载，多用金、玉、珠、宝石等珍贵材料制作。清代后妃戴耳环有身份等级之别，穿朝服时，皇后所戴耳环各镶三颗东珠，妃嫔所戴嵌一对珍珠，平时随意。
首饰,翠扁方,清,http://www.dpm.org.cn/Uploads/Picture/dc/21089.jpg,翠扁方，清，长34.4厘米，宽3.1厘米。扁方翠质，体细长，一端呈舌形，一端反卷并将其两头雕作梅花式。整体光素，略有白斑，但不掩其翠色深碧艳丽之美。扁方是满族妇女梳“两把头”最主要的工具，相当于汉人妇女发髻上的扁簪。它不仅具有单纯的装饰作用，还能控制发髻不至散落。满族妇女梳“两把头”，最初是把真发分成两把，依靠扁方固定。到了晚清两把头改成以青缎制作，安在头顶上，与真发梳成的头座连接也依靠扁方。制作扁方的材料有玉、翡翠、玳瑁，还有的为金胎镶玉、镶翠或镶嵌其他珠宝，或金凿花、银镀金等。
首饰,青白玉扳指,清,http://www.dpm.org.cn/Uploads/Picture/dc/25603.jpg,青白玉扳指，清，直径3.10厘米，高2.80厘米。清宫旧藏。扳指，又称“搬指”，是护指之物，一般多用玉做成指环状。最初戴于右手大拇指上，以免拉弓勾弦时勒手，后演化为一种装饰品。此扳指马鞍型，鞍面上有黄色桂花皮，玉质洁白莹润。附黄条，其上墨书“府脂玉皮搬指一个”。
首饰,点翠钿子,清,http://www.dpm.org.cn/Uploads/Picture/dc/25556.jpg,点翠钿子，清，高17厘米，直径24厘米。清宫旧藏。帽胎以黑色丝绒缠绕铁丝编结而成，形似覆钵。由珍珠、珊瑚、玉石、碧玺等珠石组成各色花饰，点翠铺衬，铜镀金底托。花饰组成有吉庆祥瑞，有卐寿、蝴蝶、连钱、仙鹤、灵芝、兰花、寿桃、如意、笔、葫芦、花篮、蜻蜓、天竺、石榴、祥云等，意寓子孙万代、长寿如意。钿子是清代妇女的头饰，穿戴时多与吉服相配。
首饰,金镶青金石领约,清,http://www.dpm.org.cn/Uploads/Picture/dc/25375.jpg,金镶青金石领约，清，周长46厘米，直径22厘米。清宫旧藏。领约又称为项圈，是清代后妃用于约束颈间衣领之饰物。此领约为清代后妃使用，环形活口开合式。环上镶嵌长条形青金石四块，红色料石两块。其上又嵌红宝石两颗，蓝宝石两颗，珍珠一粒。活口处为金质錾花云蝠纹，其上各系明黄色绦带一条，绦带上缀红色料石珠和有红色料石坠角各一，另一绦带仅存红色料石珠一，坠角已缺失。
首饰,金镶青金石金约,清,http://www.dpm.org.cn/Uploads/Picture/dc/25373.jpg,金镶青金石金约，清，外径21.50厘米，内径18.60厘米，最厚1.20厘米。清宫旧藏。金约是清代后妃的头饰之一，在戴朝冠时需先戴金约，用以束发。金约由金箍和后部垂缀的串珠两部分组成，金箍的节数和串珠的行数多少，反映了后妃等级地位的高低。皇太后、皇后的金约为镂金云十三，串珠五行二就；皇贵妃、贵妃为镂金云十二，串珠三行三就；妃为镂金云十一，串珠三行三就；嫔为镂金云八，串珠三行三就。此金约为清代嫔使用，串珠已缺失，仅余金箍。金箍由八节金托组成，金托上下两缘饰累丝云纹，每节中间嵌青金石。各节间用梅花形金铆钉相连，外有累丝金云，金云中间嵌东珠一颗。附黄条，其上墨书“金镶催生石头箍一围，嵌无光东珠八颗，共重六两”，催生石即青金石。
首饰,碧玺雕松鼠葡萄佩,清,http://www.dpm.org.cn/Uploads/Picture/dc/23131.jpg,碧玺雕松鼠葡萄佩，清，长4.1厘米，宽3.7厘米，厚0.9厘米。佩为碧玺质地，扁长方形，片状。两面透雕，外围为浅粉色，雕两只松鼠，长长的尾巴，首尾相接。中间部分为深紫色，雕大小葡萄珠。背面雕有葡萄叶及阴琢的叶脉。佩上部有穿孔，系丝绳、米珠两组及翠珠一粒。此佩利用双色碧玺巧雕松鼠吃葡萄，构图巧妙，生动有趣。
首饰,翠嵌珠宝蜂纹耳环,清,http://www.dpm.org.cn/Uploads/Picture/dc/23127.jpg,翠嵌珠宝蜂纹耳环，清，一对，长2.7厘米，宽0.6厘米。耳环翠玉质地，半圆形，一半为绿色，一半为白色，绿白分明。绿色一端部有铜镀金质蜜蜂及长弯针，蜜蜂腹嵌粉红色碧玺，翅膀由两组米珠组成，余皆点翠，两根长须之须端各有珍珠一粒。耳环是清代宫廷中皇后、妃嫔们耳部的装饰品。此对耳环设计精巧，配色讲究，采用蜜蜂造型尤显活泼。
首饰,金镶珠宝二龙戏珠钿口,清,http://www.dpm.org.cn/Uploads/Picture/dc/21085.jpg,金镶珠宝二龙戏珠钿口，清，长19.5厘米，宽5.5厘米，重69g。钿口长条形，稍有弧度。主体为金累丝二龙并嵌东珠4颗，二龙中间饰以红宝石为火珠。二龙以点翠朵云镶边。钿口下为11串珍珠，每挂分别为7颗，以红蓝宝石作坠角。钿口是装饰在冠帽钿子上的饰物，钿子上除了钿口还有钿花、钿尾等装饰物。这种二龙戏珠纹饰的钿口为清代皇后所使用。
首饰,金嵌珠宝圆花,清,http://www.dpm.org.cn/Uploads/Picture/dc/23130.jpg,金嵌珠宝圆花，清，直径7厘米。此花为圆形，金质底托上镶嵌珠宝。中心为一颗大块的祖母绿宝石，外围嵌两圈小颗的祖母绿与红宝石，每圈各15粒，宝石皆随形。最外嵌一圈珍珠，共16粒，且外围皆有可系缀的套环。圆花中心及外圈宝石中所选用的祖母绿宝石号称“绿宝石之王”，它晶莹通透，碧如新柳，肉眼可见祖母绿宝石内部天然生成的包裹体，这些俗称“蝉翼”的绵绺纹等天然杂质是其他宝石所少有的，更是人工制品所不能的，丝毫不影响其本身的价值，也为鉴别其真伪提供了重要的依据。此种圆花为古代妇女头上的饰品。
首饰,银镀金嵌珠宝蝴蝶簪,清,http://www.dpm.org.cn/Uploads/Picture/dc/21088.jpg,银镀金嵌珠宝蝴蝶簪，清，长18厘米，最宽4.5厘米。簪银质镀金，单针。簪柄饰蝴蝶。蝴蝶的身体以银镀金累丝为托，头部嵌红宝石一枚，蝶翅为金托点翠，上嵌红宝石及淡粉色碧玺各两块。蝶须嵌珍珠各一颗。这支簪造型生动，工艺细腻，彩蝶似翩翩起舞，且“蝶”与“耋”同音，是延年益寿的象征。
首饰,金累丝九凤钿口,清,http://www.dpm.org.cn/Uploads/Picture/dc/21083.jpg,金累丝九凤钿口，清，长14.5厘米，重47.5g。钿口长形，稍有弯弧度。金累丝九凤，凤头顶大珍珠各一，口衔流苏，流苏的构成有7颗珍珠，中间缀有碧玺、珊瑚、青金石等各色料石及坠角。钿口是清代后妃戴用的冠帽——钿子口沿上的装饰物，其纹饰多样。后妃多用凤纹钿口，有九凤、七凤、五凤等。九凤钿口为皇太后、皇后所戴用。
首饰,金镶宝石桃蝠簪,清,http://www.dpm.org.cn/Uploads/Picture/dc/21086.jpg,金镶宝石桃蝠簪，清，长17.5厘米，最宽2厘米。金簪一端呈长针状，另一端以各色宝石等为饰，计有蓝宝石、红宝石、翠、珍珠以及碧玺。其中碧玺分别做成蝙蝠和桃实，另有一只翠蝙蝠。簪子是古代妇女头上的装饰品。清代妇女尤其喜用发簪、大头簪、耳挖簪等，种类繁多，做工精致。
首饰,金镶珠翠耳坠,清,http://www.dpm.org.cn/Uploads/Picture/dc/21092.jpg,金镶珠翠耳坠，清，一对，长8.5厘米。耳坠为流苏式，金托各嵌翡翠蝴蝶，背面有金针，用于穿耳。下坠珍珠一串，最上一颗为三等珍珠，下有金托，刻“宝源九金”戳记。珍珠串下为茄形翡翠坠角，以荷花纹粉碧玺为托，两侧嵌珍珠。从戳记可知此耳坠为清代民间珠宝店所制。
首饰,金镶宝石蜻蜓簪,清,http://www.dpm.org.cn/Uploads/Picture/dc/21087.jpg,金镶宝石蜻蜓簪，清，长14.8厘米，宽5.4厘米，重15g。簪为银质。簪柄以金累丝制成蜻蜓形。蜻蜓须端嵌珍珠，腹部、翅膀镶嵌红宝石共5粒，尾部及装饰飘带等处点翠。此簪累丝工艺细腻精工。装饰题材蜻蜓取其谐音寓意“大清安定”。
首饰,白玉嵌莲荷纹扁方,清,http://www.dpm.org.cn/Uploads/Picture/dc/15888.jpg,白玉嵌莲荷纹扁方，清，长31.5厘米，宽3.1厘米。扁方白玉质，长方片状。器表中部光素，两端镶嵌对称的莲荷纹。图案由各色宝石组成，以碧绿色翠制作枝干、莲蓬、荷叶，粉红色碧玺制作盛开的荷花以及荷叶上的青蛙，红蓝宝石制作小花蕾。柄端两侧镶嵌浅粉红色碧玺花，花芯嵌珍珠各一。此扁方玉质洁白，嵌石艳丽，为清代妇女所喜爱的头饰。
首饰,点翠嵌珠宝五凤钿,清,http://www.dpm.org.cn/Uploads/Picture/dc/21082.jpg,点翠嵌珠宝五凤钿，清，高14厘米，宽30厘米，重671g。钿以铁丝、纸板为架，其外缠绕以黑丝线编织成的网状纹饰，表层全部点翠。前部缀5只金累丝凤，上嵌珍珠、宝石，口衔珍珠、宝石流苏。金凤下排缀9只金翟，为银镀金质，口衔珍珠、珊瑚、绿松石、青金石、红蓝宝石等贯串的流苏。钿后部亦有几串流苏垂饰。钿又称钿子，是皇后、妃、嫔们平时戴的便帽。这种帽子一般用藤丝编成帽架，也有的在纸板或细铁丝上缠绕黑色丝线为胎并编成方格纹、钱纹、盘肠等形式，再用各种宝石、珍珠嵌于帽架上，组成各种吉祥图案。此钿子用大珍珠50颗，二、三等珍珠几百颗，宝石二百余块，珠光宝气，珍贵豪华，主要是在吉庆场合和传统节日时戴用的。
首饰,金錾连环花簪,清,http://www.dpm.org.cn/Uploads/Picture/dc/19315.jpg,金錾连环花簪，清，长19.5厘米，最宽2.8厘米。花簪金质，长形。簪身錾刻成连环状，顶端一环弯曲，上嵌一粒珍珠。另一端呈长尖形。背面光素，中部有“德裕”、“足金”等金店戳记，说明此金簪是清代中晚期在宫廷之外的金店订做或购买的。簪是妇女插髻的首饰，清代妇女尤其喜用发簪。发簪的种类繁多，做工精致。此簪造型别致，为清宫后妃的佩戴物。
首饰,金镂空蝠寿扁方,清,http://www.dpm.org.cn/Uploads/Picture/dc/19229.jpg,金镂空蝠寿扁方，清，长32厘米，最宽4.3厘米。扁方长形，金质，成色上佳。两端镂空錾刻古钱纹，镂空处分别嵌翠玉及碧玺的“富”“贵”“吉”“祥”四字。中部錾刻三个“寿”字及两只蝙蝠，寿字与蝙蝠一一相间。扁方的一端头嵌翠玉蝙蝠及两枚碧玺花朵。扁方为清代后妃喜爱的头饰。满族妇女有一种特殊的发式名曰两把头，扁方即用来贯连固定这种发式的饰物。在清宫，扁方的种类和数量都很多。
首饰,金镶九龙戏珠手镯,清,http://www.dpm.org.cn/Uploads/Picture/dc/19230.jpg,金镶九龙戏珠手镯，清，一对，外径8.7厘米，内径5.8厘米，厚1.6厘米。手镯为金质，圆形，以金栏划分成九格，每格中各錾一团龙，龙口衔珍珠一。手镯边沿錾刻海水纹，内壁刻有“聚华足金”戳记。从此对手镯所刻的戳记上看应为晚清制作，做工精致，具有很强的浮雕效果。清代晚期，由于财力不足，宫廷造办处的规模缩小，许多金器珍宝只得委托民间金店制造或购买，如“聚华”“宝华”“义和”“宝源”等民间金店，都曾为宫中制造金银器皿。
首饰,金镶珠石点翠簪,清,http://www.dpm.org.cn/Uploads/Picture/dc/19228.jpg,金镶珠石点翠簪，清，长24厘米，最宽7.5厘米。簪为金质。簪体镂空累丝，一端呈长针状，另一端作精心的装饰：錾刻加累丝五朵灵芝，构成一朵梅花形，每朵灵芝嵌一块红色碧玺。梅花形的中心部位为累丝篆书“寿”字，寿字中间嵌东珠一粒，松枝及竹叶点缀于寿字周围。灵芝、寿字、松竹上均有点翠。此簪造型生动，累丝工艺细腻精工，纹饰寓意吉祥。
首饰,金镶珠宝松鼠簪,清,http://www.dpm.org.cn/Uploads/Picture/dc/10793.jpg,金镶珠宝松鼠簪，长13.5厘米，宽2厘米。簪金质，两端各嵌饰红宝石1粒，较粗的一端錾雕出松鼠和树枝的形状，并嵌碧玺1粒、珍珠2粒。此金簪造型简洁，构思巧妙，在清宫金镶宝石簪中属于较为简洁的一种。
首饰,金錾花镶碧玺翠珠扁方,清,http://www.dpm.org.cn/Uploads/Picture/dc/4340.jpg,金錾花镶碧玺翠珠扁方，长31.1厘米，宽4.2厘米，厚0.4厘米。扁方金质，单面饰纹。正面在錾刻的席纹地上用翠和碧玺嵌成相间的花与蝴蝶，寓意花耋绵绵。上下边沿分别錾饰梅花纹和绳纹。扁方头部两侧各镶1颗珍珠，正中嵌饰1只翠蝠，其下有“粤东新长兴足金”戳记。扁方是清代后宫中流行的发饰，其数量与材质繁多。此件为扁方中的精品。
首饰,金镂空嵌珠石扁方,清,http://www.dpm.org.cn/Uploads/Picture/dc/4341.jpg,金镂空嵌珠石扁方，长34.7厘米，宽4.7厘米。扁方饰镂空花叶纹，两端在镂空处分别用翠、碧玺和珍珠填嵌枝叶、花瓣及花蕊，周边嵌以珍珠，全器共镶嵌珍珠100粒，断接处包以银箍。扁方背面有“宝华13”、“华13”两方戳记。此扁方形体轻盈剔透，颜色搭配和谐，表现了清代宫廷流行的审美情趣。
首饰,双喜字錾金扳指,清,http://www.dpm.org.cn/Uploads/Picture/dc/4364.jpg,双喜字錾金扳指，高2.6厘米，直径3厘米，厚0.5厘米。扳指里外层皆纯金质，中间夹以木质内胆。外层环绕金圈镂雕5个双喜字，均匀排列，上下边沿各饰一周回纹；内层金圈刻有“义和”、“足金”两戳记。
首饰,碧玉刻诗扳指,清乾隆,http://www.dpm.org.cn/Uploads/Picture/dc/25604.jpg,碧玉刻诗扳指，清乾隆，直径2.90厘米，高2.20厘米。清宫旧藏。碧玉质，局部有褐斑。器呈圆筒状，外部雕填金地萱花一枝，花枝旁有山石。另一侧有填金《御题萱花诗》一首：“叶绿与花黄，无情自在芳。持将赠屈子，定是不能忘。”
首饰,银铤串珠花枝,清同治,http://www.dpm.org.cn/Uploads/Picture/dc/57213.jpg,银铤串珠花枝，清，长13.7厘米。清宫旧藏。头簪花枝以铜镀金盘丝为骨架，其上串结珍珠，每根铜镀金丝上依次间隔排列珍珠5颗。花枝错落有致地固定于银铤之上，以绿色丝线固定，局部缠绕粉红色丝线。此头花式样简朴，簪铤因配合插戴而人为弯曲。
首饰,铜镀金累丝点翠嵌珠石凤钿,清光绪,http://www.dpm.org.cn/Uploads/Picture/dc/25559.jpg,铜镀金累丝点翠嵌珠石凤钿，清光绪，高20厘米，宽30厘米。清宫旧藏。此为光绪帝皇后穿吉服时所戴。钿子用藤片做骨架，以青色丝线缠绕编结成网状。钿上部圈以点翠镂空古钱纹头面，下衬红色丝绒。钿口饰金凤凰六，钿尾饰金凤五，下饰金翟鸟七，均口衔各种串珠宝石缨络，具有很好的装饰效果。钿子是满州贵族妇女在除皇帝登基、大婚、后妃受册封以外的吉庆节日里最常戴的一种冠帽。按《道咸以来朝野杂记》记载：“妇女著礼袍褂时，头上所带者曰钿子。钿子分凤钿、满钿、半钿三种。其制以黑绒及缎条制成内胎，以银丝或铜丝之外，缀点翠，或穿珠之饰。”
首饰,铜镀金点翠镶料石子孙万代头花,清光绪,http://www.dpm.org.cn/Uploads/Picture/dc/16174.jpg,铜镀金点翠镶料石子孙万代头花，清光绪，长14厘米，宽5厘米。清宫旧藏。这对铜质头花使用珍珠及各色料石镶嵌大小葫芦、飘带、卍字等纹饰。葫芦既谐音“福禄”，又寓意多子多孙，因此这对头花称为“子孙万代（带）”或“福禄万代”。此头花造型精美别致，珠石镶饰疏密有序，色彩搭配浓淡和谐，是一件较好的艺术作品。为清宫造办处制作。
首饰,铜镀金点翠嵌珠石海棠仙鹤纹头花,清光绪,http://www.dpm.org.cn/Uploads/Picture/dc/16173.jpg,铜镀金点翠嵌珠石海棠仙鹤纹头花，清光绪，长14厘米，宽6厘米。清宫旧藏。这支铜质头花以珍珠、珊瑚珠、翡翠及各种料石使用缉缀与镶嵌工艺装饰出海棠、仙鹤及寿桃等纹饰，寓长寿之意。此头花为清宫造办处制作，做工精巧，从一个侧面反映出清代花丝镶嵌工艺的发展水平。头花是清代后妃妆饰必备之物，它们多以银或铜质为骨架，用翠鸟的羽毛以及各种宝玉料石镶嵌装饰。
首饰,银镀金点翠镶料石松鼠葡萄双喜头花,清光绪,http://www.dpm.org.cn/Uploads/Picture/dc/16172.jpg,银镀金点翠镶料石松鼠葡萄双喜头花，清光绪，长10厘米，宽5厘米。清宫旧藏。这对银质头花为清宫造办处制作。镀金点翠，以珊瑚珠及各色料石镶嵌出松鼠、葡萄、囍字纹饰，构图生动此头饰是皇后婚庆期间佩戴的。
