文物类型,文物名称,时代,图片链接,文物简介
武备仪仗,铁柄皮鞘番属刀,明末,http://www.dpm.org.cn/Uploads/Picture/dc/410.jpg,土尔扈特腰刀，明末，通长85厘米。清宫旧藏。刀柄头银质，圆形。柄中部一面嵌红珊瑚一颗，另一面为一银质圆环。鞘由鲨鱼皮和牛皮相间制成，中有银线相隔，呈螺旋状。鞘上缀白色皮条一块，上书满、蒙、汉三种文字，字迹已不清楚，然“渥巴锡进”几字仍依稀可辨。明末，居住在西北的厄鲁特蒙古分为四部，即准噶尔、和硕特、杜尔伯特及土尔扈特部。随着准噶尔部的日益强大，土尔扈特部不断受其侵扰，为了避免被准噶尔部吞并，1628年，土尔扈特部在其首领和鄂尔勒克的率领下，举部西迁至伏尔加河流域一带居住。从此，他们在远离祖国的异乡生活了一百四十多年。身处异乡的土尔扈特人民倍受沙俄统治者的剥削和压迫，无时不在思念祖国。同时，祖国也没有忘记他们。康熙五十一年（1712年），以图理琛为首的使团奉康熙皇帝之命远赴俄罗斯慰问土尔扈特部，这更坚定了土尔扈特人民回归祖国的决心。乾隆三十六年（1771年）一月，年仅27岁的土尔扈特首领渥巴锡率部众三万多户、约十七万人开始了行程万余里、回归祖国的伟大壮举。一路上，他们历尽千辛万苦，冲破沙俄数万军队的围追堵截，付出了巨大牺牲，终于在1771年夏季回到祖国。乾隆皇帝闻讯异常高兴，对土尔扈特部的义举给予了高度赞扬，并就土尔扈特人民的生产、生活进行了周到细致的安排，使之安居乐业。同年九月，乾隆皇帝在避暑山庄多次接见并宴请渥巴锡等人。渥巴锡遂将祖传腰刀进献给乾隆皇帝。土尔扈特部回归祖国是中华民族关系史上的一件大事，再次证明了中华民族巨大的向心力。
武备仪仗,八旗盔甲,清,http://www.dpm.org.cn/Uploads/File/2018/08/16/1534403087557.jpg,八旗盔甲，清，上衣通长74厘米，下裳长76厘米。清宫旧藏。甲为上衣下裳式。上衣圆领，对襟，带左右护肩、左右护腋、前裆与左裆。其下裳分左右两片。八旗甲以绸为地，其表面有规则地满布等距之铜镀金帽钉，月白布里，内敷以薄丝棉。八旗盔以牛皮为胎，髹以黑漆。其上植缨管，用以安插盔缨。
武备仪仗,铁镞成鈚箭,清,http://www.dpm.org.cn/Uploads/File/2018/08/16/15344016441381.jpg,皇帝御用成鈚箭，清，长102厘米。清宫旧藏。铁质，箭杆杨木，饰金黑桃皮，尾部饰雕羽。
武备仪仗,骨镞吉礼随侍鈚箭,清,http://www.dpm.org.cn/Uploads/File/2018/08/16/15344014555976.jpg,皇帝吉礼随侍鈚箭，清，长108厘米。清宫旧藏。吉礼指各类祭祀，如祭天、祭地、祭日月、方泽、先农等。举行吉礼时皇帝随身佩带。
武备仪仗,楠木雕龙纹鹿哨,清,http://www.dpm.org.cn/Uploads/File/2018/08/16/15343849636565.jpg,鹿哨，清，长80厘米。清宫旧藏。楠木雕龙，镶牛角嘴。
武备仪仗,木棕红漆皇太极御用马鞍,清,http://www.dpm.org.cn/Uploads/File/2018/08/16/15343825523427.jpg,清前期（清太宗）。通长63厘米，宽30厘米，高34厘米。清宫旧藏。木胎，前后鞍桥饰棕皮，光素。座面铺黄毡，以银箍连接加固。鞍座上设鞍垫一。配马蹬一副，铁镀银质，顶嵌方环，以带连接。附提胸鞦辔一。附羊皮签一，上竖向墨书满汉文：“太宗文皇帝御用镀金囗黑皮鞦辔一副原在盛京尊藏”（满文不清）。（刘立勇）
武备仪仗,蓝色缎面绣龙纹铁叶皇太极御用甲,清,http://www.dpm.org.cn/Uploads/Picture/dc/397.jpg,皇太极盔甲，清，上衣长70厘米，胸宽40厘米，袖长70厘米，下裳长64厘米。胄，通高27厘米，直径21.5厘米。此甲为蓝色缎面，由上衣、下裳、左右袖、左右护腋、前遮缝、左遮缝组成，穿时由钮扣及带子连缀成一整体。前胸、后背绣五彩云龙各一条，内敷铁叶186块。护腋、前遮缝、左遮缝均彩绣火珠，四周饰以轮、螺、伞、盖、花、罐、鱼、肠等吉祥物。袖外连缀弧形窄铁叶若干片。下裳分左右，从上而下缀铁叶五重，每重38片，左右共计380片，每重铁叶间以镀金铜钉和彩绣八宝图案相隔。胄为铁质，顶盘，前后梁、护额等均饰铁鋄金云龙；护项、护耳、护颈面均为蓝缎，上绣火焰。鹿皮里，青缎缘，内俱敷铁叶，共计35块。甲胄共重约12.25kg。
武备仪仗,木吉庆锦纹桦皮乾隆帝御用弓,清,http://www.dpm.org.cn/Uploads/Picture/dc/53141.jpg,清乾隆。通长178厘米。清宫旧藏。木质，面贴牛角，背饰彩漆桦皮。弓梢处包嵌牛角，上镌“六力二斤”四字。骨质垫弦，弓中部镶暖木一块。附白皮条一，墨书满汉文：“高宗纯皇帝御用定把特克面吉庆锦弓一张乾隆十九年恭贮”。另附木牌一，满汉文墨书：“高宗纯皇帝定靶特克面吉庆锦弓”。（刘立勇）
武备仪仗,木黑牛角桦皮顺治帝御用弓,清,http://www.dpm.org.cn/Uploads/Picture/dc/53140.jpg,清顺治。通长174厘米。清宫旧藏。木质，面贴牛角，背饰染色桦皮。弓梢处包嵌牛角，骨质垫弦，弓弦一根，弓中部镶暖木一块。附白皮条一，满汉文墨书：“世祖章皇帝御用黑面桦皮弓一张康熙十年恭贮。”（刘立勇）
武备仪仗,碧玉雕花柄红绒鞘匕首,清,http://www.dpm.org.cn/Uploads/Picture/dc/50895.jpg,玉雕花把红绒鞘匕首，清乾隆，通长46厘米。匕首柄为碧玉质，雕作花形，柄首雕白玉花三朵，柄系明黄丝穗。鞘木质，外包红绒，尖部饰金丝卷草纹，鞘首饰白玉。刃钢质，后曲前锐。此匕首为乾隆帝御用之物。清宫造办处制造。
武备仪仗,玉嵌料石柄铜叶鞘匕首,清,http://www.dpm.org.cn/Uploads/Picture/dc/50897.jpg,玉把包金鞘匕首，清乾隆，通长58.3厘米。匕首柄青玉质，卷首，上嵌金线为缘，内填红、绿宝石及珍珠组成花卉。鞘木质，外包金，錾菱格花朵纹。刃钢质，剑形。此匕首为乾隆帝御用之物。清宫造办处制造。
武备仪仗,玉雕花把皮鞘匕首,清,http://www.dpm.org.cn/Uploads/Picture/dc/50894.jpg,玉雕花把皮鞘匕首，清乾隆，通长44.6厘米。匕首柄为玉质，雕作花形，上嵌金丝为缘，内填红、蓝等宝石组成四瓣花朵。鞘为木质，外蒙棕色牛皮，上部镶白玉一块，纹饰与柄风格类似。此匕首造型华美，装饰考究，具有浓郁的民族特色。此匕首为乾隆帝御用之物。清宫造办处制造。它不仅是兵器中之上品，更是难得的艺术佳品。
武备仪仗,玉雕花柄铜镀金鞘匕首,清,http://www.dpm.org.cn/Uploads/Picture/dc/9343.jpg,玉雕花把包金鞘匕首，清乾隆，通长41.5厘米。匕首柄为白玉质，玉质细腻莹润，雕作花形。鞘木质，外包金，錾菱格花朵纹。鞘口镶如意形白玉一块。此匕首为乾隆皇帝御用品。清宫造办处制造。
武备仪仗,玉嵌宝石把包金鞘匕首,清,http://www.dpm.org.cn/Uploads/Picture/dc/9341.jpg,玉嵌宝石把包金鞘匕首，清乾隆，通长41厘米。匕首柄玉质，呈卷首状，上嵌金丝为茎，红、蓝等宝石为瓣，组成花卉。刃钢质，剑形。鞘木质，外包金，錾菱格朵花纹。此匕首为乾隆皇帝御用品。
武备仪仗,玉雕花把包金鞘匕首,清,http://www.dpm.org.cn/Uploads/Picture/dc/9342.jpg,玉雕花把包金鞘匕首，清乾隆，通长41.5厘米。匕首柄以白玉制作，玉质细腻莹润，雕作花枝形。鞘为木质包金，錾菱格花朵纹。匕首以金为鞘是富贵的象征，极具皇家风范。此匕首为乾隆皇帝御用品。清宫造办处制造。
武备仪仗,木柄飞虎斧,清,http://www.dpm.org.cn/Uploads/Picture/dc/50048.jpg,飞虎斧，清，通长136厘米，斧身长27厘米，刃部宽22厘米。清宫旧藏。斧身钢质，刃薄而利，斧身中部双面鋄金飞虎，周围饰以火焰纹。柄木质，髹黑漆，底帽为铜镀金饰件。斧为中国传统冷兵器之一种。
武备仪仗,木镞射虎骲头箭,清,http://www.dpm.org.cn/Uploads/Picture/dc/50049.jpg,射虎骲头箭，清，长111厘米。清宫旧藏。骲（音暴）头箭以桦木为箭头，起棱，环穿四孔。杨木为杆，花雕羽。因为箭头有孔，发射时会发出响声，所以骲头箭又称响箭。在捕虎时射出骲头箭可使卧虎因惊吓起身，继而杀之。
武备仪仗,木柄阿虎枪,清,http://www.dpm.org.cn/Uploads/Picture/dc/50045.jpg,阿虎枪，清，总长249厘米，枪头长29厘米。清宫旧藏。阿虎枪，亦名虎枪。枪头铁质，前锐后锋，中起脊，有血槽，饰鋄金云龙缨穗纹，鋄金楷书“大清乾隆年制”款。柄木质，头缠黑皮，两侧横系鹿角二。枪头附皮套。乾隆皇帝在御制诗《射虎行》中谈及自己射杀猛虎时随行的蒙古王公们慑服不已。故宫博物院现存最大的两幅木兰围猎图，即《丛薄行围图》和《雪猎诗意图》，分别表现了在杂草丛生的深莽中殪（音义，杀死）虎捕虎的惊险情节，以及按照《雪猎十韵》诗细致描绘的各种行围活动。另外，清人所画《弘历刺虎图》轴亦生动真实地描绘了乾隆皇帝与虎枪营侍卫手持虎枪与猛虎搏斗的场面。
武备仪仗,铜柄漆鞘腰刀,清,http://www.dpm.org.cn/Uploads/Picture/dc/20222.jpg,镶铜把漆鞘腰刀，清，长101厘米。清宫旧藏。刀身钢质，雪刃锋利，微曲。刀柄木质镶铜，缠紫色丝带，目贯嵌金菊桐纹。刀鞘梨木质，通体红地洒金漆，饰描金漆菊桐团花纹。鞘头尾饰件及箍为铜镀金质，鞘中部缠彩色丝带用以佩挂。这类刀在日本称为“梨花菊桐纹莳绘系卷太刀”，太刀是日本武士的象征，其铸造工艺精良，百炼精纯，是日本刀中之上品。
武备仪仗,铁柄髹黑漆鞘琉球腰刀,清,http://www.dpm.org.cn/Uploads/Picture/dc/20218.jpg,琉球腰刀，清，长99.8厘米。清宫旧藏刀坚硬锋利，鞘铁质，缠有黄带。刀柄亦铁质，外敷鲨鱼皮，再用黄带缠绕成连续菱形纹样，环形护手，嵌有目贯。清康熙、乾隆朝，琉球国王向清廷进贡了大批日本刀，雍正帝曾下谕清宫造办处，打造刀头“可照日本刀样做”，可见琉球腰刀对清宫的武备有一定的影响。
武备仪仗,东洋漆甲,清,http://www.dpm.org.cn/Uploads/Picture/dc/20217.jpg,东洋漆甲，清，甲高78厘米，宽37厘米，盔直径40厘米，高16厘米。清宫旧藏。该漆甲由胸甲、臂甲、腕甲、腿甲等组成，以彩绳连成一体。甲的主体由多条髹漆的长方形木片连缀而成，色调红黄搭配，分外醒目。甲的颈、臂等处内敷棉，以防磨伤皮肤。盔铁质，外髹黑漆，瓜形楞条状，正前部嵌月牙形饰物，两侧各饰行龙一条。盔檐绘彩漆动物纹饰，檐上有卷耳。
武备仪仗,铁镞齐梅针箭,清,http://www.dpm.org.cn/Uploads/Picture/dc/10690.jpg,齐梅针箭，清，长93.5厘米。箭为清代军事及狩猎的必备之物，是重要的武器之一。清代箭的种类名目繁多。齐梅针箭，箭镞铁质，头部平，镞狭长，端横平，箭杆杨木质，杆首饰黑桃皮，箭羽以雕羽为之，栝染朱。此种箭为清代皇帝围猎时所使用。
武备仪仗,木镶铁镀金镂龙纹御用马鞍,清顺治,http://www.dpm.org.cn/Uploads/Picture/dc/409.jpg,清太宗御用马鞍，清顺治，前鞍桥高37厘米，后高19.5厘米，长63厘米，宽32厘米。清宫旧藏。木胎，外镶银，鋄金龙，镂空纹饰，工艺精细。鞍桥面铺布，上置丝绒棉坐垫。马蹬铁鋄银，底部镌方胜图案，套脚圈梁镌刻双龙。鞍侧附有皮签，墨书满汉文，汉文为：“太宗文皇帝御用铁鋄金银玲龙鞦辔鞍一副，原在盛京尊藏。”有清一代，崇尚骑射武功。在清王朝开国创业时期，宗室八旗子弟必须自幼习骑射。入主中原后，康熙、乾隆注重行围习武，皆意后世毋忘“国语骑射”，并训谕为“家法”。太宗御用马鞍为皇太极征战疆场的坐鞍，迄今已保存了三百五十余年，弥足珍贵。
武备仪仗,木镶铜镀金嵌珠石珊瑚顺治帝御用马鞍,清顺治,http://www.dpm.org.cn/Uploads/Picture/dc/53291.jpg,清顺治。通长62厘米，宽30厘米，高34厘米。清宫旧藏。木胎，前后鞍桥饰金叶，錾刻海水江崖云龙纹样，又镶嵌珍珠、绿松石、红宝石等装饰。鞍上铺设黄色缎地彩绣云龙、火珠纹鞍面，蓝边缘。铁镀金质马蹬，蹬面饰方胜纹，顶部镂雕银镀金双龙纹蹬孔，系黄色绦带。鞍面上加铺黄色缎地平金彩绣海水江崖云龙纹鞍垫，内敷以棉。附提胸鞦辔一副。附白皮签一，墨书满汉文：“世祖章皇帝御用嵌松石珊瑚丝线鞦辔鞍一副康熙囗年恭贮”。附木牌签一，其上墨书：“世祖鞍贰”。（刘立勇）
武备仪仗,蓝色缎铜钉顺治帝御用棉甲,清顺治,http://www.dpm.org.cn/Uploads/Picture/dc/10704.jpg,顺治帝锁子锦盔甲，清顺治，上衣长73厘米，下裳长71厘米。盔高32厘米，直径22厘米。清宫旧藏。甲为上衣下裳式，蓝地人字纹锦面，石青缎缘，月白绸里，外布铜镀金钉。甲有上衣下裳，裳分左右，左右护肩，左右袖，左右护腋，裳间有前遮缝、左遮缝，共11件。裳幅上排钢叶5道，左右衣袖也排上下钢叶各一道，袖腕部镂饰金累丝云龙纹，镶嵌珊瑚珠、青金石、绿松石等。护肩接衣处饰镂空金累丝云龙纹及八宝吉祥图案，并镶嵌珊瑚珠、珍珠、青金石、绿松石等。上衣前胸部悬一圆形护心镜，镜周边镂饰金累丝云龙纹。盔为铁质，镂饰金累丝云龙纹和如意云纹，盔上饰四道金梁，各嵌饰一条镂金累丝降龙（缺一），金饰上镶嵌珊瑚珠、青金石、绿松石、螺钿珠、珍珠等。缨管下部为镂空金累丝盘龙鼓形盘，管顶嵌一颗东珠，四周垂貂皮盔缨。盔搭护耳、护颈，均为蓝地人字纹锦，石青缎缘，布铜镀金钉。左右耳处有镂空升龙金圆花。随甲有一黄木牌，上墨书：“世祖章皇帝嵌珊瑚珠石红铜镀金月白锦缎面棉盔甲一副，嵌珊瑚假珠石铜镀金铁盔一顶，石青缎面盔衬帽一顶，金累丝盔缨一个，嵌珍珠一颗、东珠十八颗、染貂皮三十，甲褂一件，大荷包二件，遮窝二件，护肩二件，嵌珊瑚假珠石明裙一件、明袖二件，嵌珊瑚假珠石护心镜一个，嵌珊瑚假珠石镀金玲珑腰刀一口。”此盔甲为顺治皇帝御用。
武备仪仗,木镶铜镀金镂花纹马鞍,清康熙,http://www.dpm.org.cn/Uploads/File/2018/08/16/15344035554265.jpg,清康熙。通长63厘米，宽28厘米，高34厘米。清宫旧藏。木胎，前后鞍桥镶嵌铜镀金质缠枝花卉纹鞍板面，富丽堂皇。鞍桥面铺红毡，周缘锦带与黄绦带两道装饰。马蹬一副，铁镀银质，顶部镂雕双龙形蹬孔，以黄绦带与马鞍连接。配提胸鞦辔一。附白羊皮签一，其上墨书满汉文：“圣祖仁皇帝御用鋄金丝线鞦辔鞍一副康熙二十一年恭贮”。（刘立勇）
武备仪仗,铁镞合苞哨箭,清康熙,http://www.dpm.org.cn/Uploads/File/2018/08/16/15344011063588.jpg,清康熙。通长97厘米。清宫旧藏。铁质箭镞，簿而略阔，刃锋，带骨哨。杨木箭杆，外裹桦皮，全素，杆首饰黑桃皮，括髹朱，黑雕羽尾。附黄条签一，上汉文墨书：“武字三十六号圣祖仁皇帝御用大荷包哨箭二枝”。（刘立勇）
武备仪仗,铁柄鲨鱼皮鞘腰刀,清康熙,http://www.dpm.org.cn/Uploads/Picture/dc/395.jpg,遏必隆腰刀，清康熙，鞘长94厘米，刀长60厘米。清宫旧藏。刀鞘木质，外蒙绿鲨鱼皮，紫呢刀套。刀把上系一咸丰年制象牙牌，一面镌：“遏必隆玲珑刀一，乾隆十三年赐经略大学士公傅恒平定金川用过”；另一面刻“咸丰”印一方，并“神锋握胜”四字。此刀最早的持有者为康熙初年辅政四大臣之一的遏必隆，刀因人而得名。遏必隆死后，刀入宫中。乾隆十二年（1747年），第一次金川之战爆发，遏必隆之孙，时任保和殿大学士、吏部尚书等要职的讷亲以经略大臣的身份率兵出征，兵败，乾隆怒夺其职，派大学士傅恒取而代之，并赐遏必隆刀。乾隆十四年（1749年），乾隆帝命傅恒在军前用遏必隆刀将讷亲正法。1851年，太平天国革命爆发，咸丰帝派大学士赛尚阿为钦差大臣率军出征，行前，特赐遏必隆刀，以壮军威。然而遏必隆刀并未给战局带来转机，不久，赛尚阿也因指挥不利被夺职。
武备仪仗,康熙帝御用铁交枪,清康熙,http://www.dpm.org.cn/Uploads/Picture/dc/399.jpg,康熙自来火二号枪，清康熙，通长135.5厘米，筒长90.3厘米，口径11mm。清宫旧藏。枪口饰鋄金兽面纹，鸭嘴形。金火机衔火石，旁施镀金镂花带齿钢轮，筒前后有准星、照门。鸂鶒形木床，侧面近枪机处嵌螺甸梅花状五圆星，床尾镶铜镀金托。此枪属转轮式燧发枪。发射时，用钥匙上满轮弦，扣扳机，机轮飞转而与火石磨擦生火。“自来火”的制造工艺和使用功能比火绳更为先进。清帝酷爱习武狩猎，使用火枪始自康熙朝，此枪即为康熙御制枪。
武备仪仗,黄色织金缎镀金叶康熙帝御用棉甲,清康熙,http://www.dpm.org.cn/Uploads/Picture/dc/10699.jpg,锁子锦金叶盔甲，清康熙，上衣长75厘米，下裳长74厘米。盔高33厘米，直径22厘米。清宫旧藏。甲为上衣下裳式，明黄缎人字纹织金锁子锦面，月白里，石青缎缘，中敷棉，外布金钉。甲有上衣下裳，裳分左右，左右护肩，左右袖，左右护腋，共9件。盔为牛皮制成，髹黑漆，漆面饰金缨络、金狮头并梵文。缨管下部为镂空金累丝盘龙凸鼓形圆盘，管上接升龙二条，顶上嵌一颗大东珠，缨管四周垂貂皮盔缨。盔饰镂空金累丝云龙纹，镶嵌红、蓝宝石，碧玺，绿松石，青金石等。盔前后梁镂饰二条金龙，帽沿处梁上各镌三条金龙，镶嵌珍珠数十枚，每三枚一组。盔搭护耳、护颈，黄锦绣金龙云纹，錾布金钉，石青缎缘。上衣下裳的金叶均排为五道，左右袖上下排金叶各一道，穿时各部分由金钮扣联缀成一整体。上衣前胸部悬一圆形护心镜。
武备仪仗,石青色缎绣彩云蓝龙绵甲,清康熙,http://www.dpm.org.cn/Uploads/Picture/dc/18055.jpg,石青色缎绣彩云蓝龙绵甲，清康熙，上衣身长78厘米，肩宽43厘米，下摆宽77厘米；下裳腰围100厘米，高92厘米。清宫旧藏。绵甲由甲衣和围裳上下两部分组成。甲衣双肩各装有缀鎏金龙纹铜版的护肩一个，两腋各系一片云头状护腋，腹部佩一片梯形护腹，即“前挡”，腰间左侧也佩同样的装置，名谓“左挡”。右侧因有箭囊遮挡，则不设这种装置。围裳分为左右二幅，穿时用带子系于腰间。这套绵甲用石青色缎作面料，内絮丝绵，通身钉缀鎏金铜泡钉，以增强绵甲的耐磨和防护性能。在全身各部位还用五彩丝线绣升龙、降龙和正面团龙，间饰祥云、海水、如意、寿石、方胜、古钱、灵芝、珊瑚、铜钟、方戟等纹样，使整套服装既彰显穿着者的至尊与威严，又具极强的装饰性。
武备仪仗,木琵琶鞘托燧发枪,清康熙,http://www.dpm.org.cn/Uploads/Picture/dc/10686.jpg,康熙琵琶鞘枪，清，昂里亚国（今英格兰）制造，长108.5厘米，枪筒口径2厘米。枪的铁管上鋄金西洋花纹，枪口上部安有准星，扳机处嵌饰银片，上镌西洋花纹，枪托由虎斑木制成，托架包一圈铁梁，上鋄金西洋花纹。枪托处拴木牌，上书：“康熙年间库贮二等自来火二十出琵琶枪一杆，系昂里亚国枪”。
武备仪仗,黄色缎绣金龙纹铜钉康熙帝御用棉甲,清康熙,http://www.dpm.org.cn/Uploads/Picture/dc/10685.jpg,康熙明黄缎绣平金龙云纹大阅甲，清，上衣长75.5厘米，下摆宽75.5厘米，两袖通长158厘米，下裳长71厘米，上宽48厘米，下宽57.5厘米。清宫旧藏。甲为上衣下裳式，外布金帽钉，衣内用蓝绸里，敷一层薄丝绵。上衣分左、右护肩，左、右袖，前铛，侧铛；下裳分左、右铛。全身皆用黑绒镶边。穿时各部分由金钮扣袢联缀成一整体。上衣左、右襟各以金线绣一条正面升龙，龙身用红、绿线勾边，火焰云用金线勾边。云纹的颜色各异，以绿色、墨绿色为主，四合如意云纹则用粉、粉红、红、月白、蓝色等，灵芝云纹用粉、红色等。上衣背面居中绣一条正面升龙，下摆绣有平水、寿山、海珠、杂宝、珊瑚等纹饰，配以绿、浅绿、蓝、深蓝、月白等颜色，云、水都以金线勾边。左、右护肩绣金龙各9条，并在中间镶嵌一颗红宝石和一颗东珠。左、右护腋、前铛、侧铛各绣一条正面升龙及平水、寿山、如意云等纹饰，中间钉金线以护肘。下裳共绣行龙16条，上下行龙间用金线采用钉金针法盘结，共5道。相对的龙首间绣火珠、骨饰云、四合如意云等纹饰。下摆绣平水、寿山、如意云等纹饰。此大阅铠甲专供康熙皇帝检阅八旗军队时穿用。
武备仪仗,木镶银錾花嵌松石珊瑚雍正帝御用马鞍,清雍正,http://www.dpm.org.cn/Uploads/Picture/dc/28000.jpg,"雍正帝御用马鞍，清雍正，长62厘米，高30厘米。附件：马镫一付，长58厘米，高28厘米。清宫旧藏。此为清雍正皇帝御用马鞍，木胎，前后鞍桥通体饰银叶，錾龙、云、火珠纹，镶嵌青金石、珊瑚等宝石，鞍座上铺设鞍垫。马镫为铁鋄金，镫面镂雕杂宝图案，镶嵌青金石、绿松石、珊瑚等宝石，顶部两侧铁鋄金镂雕龙纹并以黄带连接。崇尚骑射是清朝之国策。清康、雍、乾三帝明文规定八旗宗室子弟必须自幼习骑射之功，皇子阿哥更不例外。"
武备仪仗,木葡萄纹桦皮雍正帝御用弓,清雍正,http://www.dpm.org.cn/Uploads/Picture/dc/27999.jpg,葡萄面桦皮弓，清雍正，长179厘米。清宫造办处制作，清宫旧藏。此弓为清世宗雍正的御用弓，木质，面贴牛角，背贴染色桦皮。弓梢处包嵌牛角，骨质垫弦，弓弦一根，弓中部镶暖木一块，便于手握。附二皮签墨书满汉文：“世宗皇帝葡萄花面弓四力半”、“世宗宪皇帝御用定把葡萄桦面弓一张乾隆八年恭贮”。所谓“力”，指“弓力”，即张弓时所用力气的单位，每“力”为9斤14两（清制1斤为16两）。在制作弓的过程中，需在弓的背面涂沫筋胶，筋胶涂得越多，弓的力数越大，持弓人需有足够的臂力才能将之拉开。清朝按弓上筋、胶不同的重量分之为一至六等的弓和一至十八的力。弓制成后，按士兵拉张弓力的大小配发相应的弓进行作战训练。历史上，清朝创业拓基之君无不精于骑射，将“国语骑射”训谕为祖制家法。所谓“国语骑射”，清史专家王钟翰先生释“国语”为满语，在清代又叫“清语”；“骑射”即能在骑马奔驰时射箭中的（箭靶的中心），这是满族长期狩猎生活中的民族特技。清初，将骑射作为考核八旗官兵的重要科目之一，是维护全国统治和加强武装力量的一项强有力的措施。
武备仪仗,铁镞白挡索伦长鈚箭,清乾隆,http://www.dpm.org.cn/Uploads/File/2018/08/16/15344024887219.jpg,清乾隆。通长99厘米。清宫旧藏。铁镞，直锐。杨木箭杆，全素，杆首饰黑桃皮，黑雕羽尾。附黄条签，上汉文墨书：“高宗纯皇帝御用白档索伦长披（鈚）箭十支呈览一支”。（刘立勇）
武备仪仗,皮盔缨,清乾隆,http://www.dpm.org.cn/Uploads/File/2018/08/16/15343990696860.jpg,皮盔缨，清乾隆，高32厘米。清宫旧藏。缨顶端金累丝升龙托大东珠，四周垂大红片金、黑貂缨二十四条。
武备仪仗,黑漆嵌金饰珍珠乾隆帝御用盔,清乾隆,http://www.dpm.org.cn/Uploads/File/2018/08/16/1534398705712.jpg,乾隆帝御用盔，清乾隆，高31.5厘米，直径21厘米。清宫旧藏。牛皮胎髹黑漆，胄体镀金梵文三重计四十四字。
武备仪仗,玉柄金桃皮鞘寒锋腰刀,清乾隆,http://www.dpm.org.cn/Uploads/File/2018/08/16/15343983444044.jpg,清乾隆。通长96厘米。清宫旧藏。刀身钢质，身弧，刃锋，其身底部一面镀银横向铭文，为“地字十五号”，纵向文为“寒锋”，另一面镀银横向文“乾隆年制”。铁镀金如意形护手，白玉质刀柄，光素如新。柄首穿系明黄丝绦，坠绿松石一。木质刀鞘，外饰金桃皮，配铁镀金琫、珌。鞘加两道金箍，以提梁连接，系黄丝绦带。（刘立勇）
武备仪仗,铁柄鲨鱼皮鞘辅德剑,清乾隆,http://www.dpm.org.cn/Uploads/File/2018/08/16/15343981354072.jpg,清乾隆。通长99厘米。清宫旧藏。钢质剑身，刃锋，剑身底部一面鋄金横为“地字八号”，纵为“辅德”；另一面横为“乾隆年制”。剑身前后两面鋄金、银、铜丝云龙纹图案。镀金质元宝形护手，柄木质，外缠黄丝绦带，黑漆地雕缠枝花纹如意形柄头。柄首有穿，系以明黄丝绦。剑鞘木质，外蒙红鲨鱼皮，配铁鋄金琫、珌，缕雕花纹。鞘上横束铁鋄金箍二道，以提梁连接。附皮签一，满汉文墨书：“地字八号辅德剑一重三十两乾隆年制。”（刘立勇）
武备仪仗,金银丝花纹缎镶嵌珠嵌珠櫜鞬,清乾隆,http://www.dpm.org.cn/Uploads/File/2018/08/16/15343963079311.jpg,乾隆帝御用櫜鞬，清乾隆，长78厘米，宽34厘米；櫜长37厘米。清宫旧藏。弓箭袋，附皮签：“高宗纯皇帝御用嵌珠金银丝櫜鞬一副乾隆四十三年恭贮”。
武备仪仗,碧玉御笔前后哨鹿赋册,清乾隆,http://www.dpm.org.cn/Uploads/File/2018/08/16/15343855237412.jpg,碧玉御笔前后哨鹿赋册，清乾隆，长16.5厘米，宽8厘米，厚8厘米。清宫旧藏。碧玉，共十片，乾隆帝著有《哨鹿赋》、《后哨鹿赋》，此为两篇合一。
武备仪仗,玉柄镌诗藤马鞭,清乾隆,http://www.dpm.org.cn/Uploads/File/2018/08/16/15343845587317.jpg,乾隆帝御用马鞭，清乾隆，长70厘米，清宫旧藏。藤鞭，玉柄镌乾隆帝《御制射虎行》诗。
武备仪仗,玉柄镌诗藤马鞭,清乾隆,http://www.dpm.org.cn/Uploads/File/2018/08/16/15343843313334.jpg,乾隆帝御用马鞭，清乾隆，长71厘米，清宫旧藏。藤鞭，玉柄镌乾隆帝《御制射熊行》诗。
武备仪仗,木红漆描花纹乾隆帝御用马鞍,清乾隆,http://www.dpm.org.cn/Uploads/File/2018/08/16/15343837411389.jpg,清乾隆。通长63厘米，宽30厘米，高35厘米。清宫旧藏。马鞍木胎，前后鞍桥边饰牛角，其面髹红漆，描金缠枝花卉纹样。鞍座铺设蓝绒黄芯鞍垫，内敷以棉。马蹬一对，铁镀银质，顶部镂雕双龙，以皮带和马鞍相连接。附提胸鞦辔一副。附白羊皮签一，上满汉文墨书：“高宗纯皇帝御用万福万寿鞦辔鞍一副乾隆四十三年恭贮”，又附黄纸签一，墨书：“高宗纯皇帝万福万寿鞍一副”。（刘立勇）
武备仪仗,铁柄鲨鱼皮鞘出云剑,清乾隆,http://www.dpm.org.cn/Uploads/Picture/dc/403.jpg,乾隆地字一号“出云”剑，清乾隆，长100厘米，最宽处9厘米。清宫旧藏。鞘木质，外蒙红鲨鱼皮，首尾饰件及中部剑箍均为铁鋄金，镂雕吉祥图案。剑柄木质，缠黄丝绦，剑革及柄头亦为铁鋄金。剑身钢质，刃底部镶嵌金、银、铜三丝组成的图案：一面为隶书“地字一号”及剑铭“出云”；另一面为隶书“乾隆年制”及与本剑剑铭含意相吻合的图象。据《造办处活计档》记载，从乾隆十三年（1748年）始至乾隆二十二年（1757年）讫，清宫造办处共造御用刀、剑各30把，此为“地”字号剑中的第一把。此种刀剑，主要为乾隆皇帝收藏和赏玩。其工艺精良，装饰华美，是宝剑中之上品。
武备仪仗,玉柄金桃皮鞘孔纯腰刀,清乾隆,http://www.dpm.org.cn/Uploads/Picture/dc/407.jpg,乾隆天字三号“孔纯”刀，通长94厘米，青玉柄12.5厘米，重18两。此刀护手为铁鋄金镂空如意圆盘，内有四条可活动的奔龙，青玉柄，木质蒙金桃皮鞘。腰刀属于冷兵器，其设计独特，造型庄重，纹饰美观，制作精细，不仅继承了我国古代刀、剑的传统式样和做法，而且也反映了清代内务府造办处制作冷兵器最高技术水平。清乾隆十三年（1748年），乾隆皇帝谕令内务府造办处设计制作御用刀、剑各三十把。此种腰刀，主要为乾隆皇帝收藏和赏玩。
武备仪仗,铁管木托带叉奇准神枪,清乾隆,http://www.dpm.org.cn/Uploads/Picture/dc/406.jpg,乾隆奇准神枪，清乾隆，通长203厘米，筒长155.6厘米，口径17mm。清宫旧藏。前装滑膛，枪口饰鋄金回纹、蕉叶纹，筒前起脊，中四棱，筒后圆，置准星、照门。筒局部饰鋄金花纹。楸木枪床，床前端有孔以贮搠杖，下置桦木双叉，为稳定射击之枪托架，床尾镶雕云纹白玉托，镌铭文：“奇准神枪，长四尺五寸，重九斤二两，药二钱，子五钱”。此枪是一杆火绳枪，乾隆皇帝御用枪之一。乾隆帝常用这类枪狩猎，所用诸多铅丸今犹存，据清档记载：“乾隆三十二年闰七月三十日，在热河行宫打虎，花准神枪铅子一个，重四钱四分。”《清会典》把奇准神枪列为“特等第二枪”。
武备仪仗,黄色缎绣金龙纹铜钉乾隆帝御用棉甲,清乾隆,http://www.dpm.org.cn/Uploads/Picture/dc/398.jpg,乾隆皇帝大阅甲胄，清乾隆，上衣长76厘米，下摆宽74厘米，袖长87.5厘米；下裳长70厘米，下摆宽57厘米。胄通高31.5厘米，直径21厘米。清宫旧藏。甲分上衣、下裳、护肩、护腋、袖、裆等。此甲为明黄缎绣五彩朵云、金龙纹，下为海水江崖图案，月白绸里。甲面有规则的金帽钉。衣正中悬钢质护心镜，镜四周饰鋄金云龙纹。两袖用金丝条编织，袖口月白缎绣金龙。裳分左右，腰以布相连，裳面以金叶片、金帽钉、彩绣龙戏珠纹相间排列。胄，牛皮胎髹黑漆，顶镂空金龙宝盖嵌珍珠，前后梁鋄金云龙纹并饰以珍珠，梁中饰金刚石螣蛇。胄体有镀金梵文三重计44字，间金璎络纹。据《清内务府档案》载，胄镌梵文意为“心咒诅念观世音菩萨”。胄上植缨，缨顶端金累丝升龙托大东珠，缨管饰金蟠龙纹，四周垂大红片金、黑貂缨24条。御用甲胄装饰华贵，用料考究，做工精细，主要用于大阅。这套乾隆大阅甲胄，虽已有二百多年历史，但保存完整，色彩明艳。
武备仪仗,鲨鱼皮嵌珠石柄铜边鞘神锋剑,清乾隆,http://www.dpm.org.cn/Uploads/Picture/dc/53254.jpg,清乾隆。通长63厘米。清宫旧藏。剑身钢质，直短精悍，前锐。近柄处镀金，中间竖向镀银汉字，一面为“神锋”，另一面为“乾隆年制”，皆隶书。如意盘状护手，沿边镶宝石和珍珠。手柄镶木，外蒙白鲨鱼皮，竖向饰珍珠、宝石三道。手柄底部为八角立体柱形，周饰珍珠、宝石。柄头穿孔一，系黄丝绦带。剑鞘木胎，外包铜镀金织网纹边套，套两侧饰镀金緾枝纹。近鞘首设环一，系黄丝绦带，以为佩挂之用。（刘立勇）
武备仪仗,玉柄嵌宝石绒鞘匕首,清乾隆,http://www.dpm.org.cn/Uploads/Picture/dc/50896.jpg,金烧蓝镶钻石宝石绒鞘匕首，清乾隆，通长35.8厘米。两把匕首式样相同，柄为金烧蓝工艺，上嵌钻石及红、蓝等各色宝石，柄端嵌祖母绿一块，护手处镶小钻石一圈。鞘木质，外包红绒。该匕首做工精致，用料考究，为匕首中之上品。
武备仪仗,铜柄漆鞘腰刀,清乾隆,http://www.dpm.org.cn/Uploads/Picture/dc/20219.jpg,镶铜把漆鞘腰刀，清，长135厘米，故宫旧藏。刀柄梨木质，内裹蓝缎，外缠黄带，柄端及护手为铜质，镀金银，目贯錾刻圆形王族徽记。刀身钢质，刀鞘木质，面洒金漆，三圈铜镀金银箍，上錾徽记与柄同，鞘附背带一根。附一皮签，墨书满汉文：“高宗纯皇帝御用洒金漆倭长剑一把乾隆八年恭贮”。从此刀饰件上的王徽标记看，无疑是琉球王国进贡的腰刀。
武备仪仗,鲨鱼皮柄漆鞘琉球腰刀,清乾隆,http://www.dpm.org.cn/Uploads/Picture/dc/10693.jpg,琉球刀，清乾隆，长99厘米。清宫旧藏。刀鞘髹黑漆，刀柄铁质，外缠黄色绦带，护手部黑漆处髹金黄色樱花及凤纹。刀柄处拴羊皮条签，上以满、汉、蒙、藏四种文字墨书：“乾隆二十二年琉球国恭进黑漆鞘腰刀一具。”乾隆二十二年为1757年。
武备仪仗,绛色缎金银丝绣花叶纹御用撒袋,清乾隆,http://www.dpm.org.cn/Uploads/Picture/dc/10680.jpg,"皇帝御用撒袋，清，弓囊长76厘米，最宽处34厘米，箭囊长38厘米，宽26厘米。清宫旧藏。弓囊为上宽下窄的袋形，箭囊为长方包形，二物合称为撒袋。撒袋面缎地绛色，其上用金银丝线绣洋花叶纹，表面饰铁鋄银镂空夔龙纹39块，起固定和装饰作用，又镶嵌蓝宝石27块。撒袋上附黄丝绦带，并附一黄纸条，其上墨书：“高宗纯皇……（余字已残）”。此撒袋为清代乾隆皇帝的御用物品。"
武备仪仗,木黑牛角金桃皮弓,清乾隆,http://www.dpm.org.cn/Uploads/Picture/dc/10679.jpg,皇帝御用弓，清，长145厘米，最宽处25厘米。清宫旧藏。弓木质，胎面贴以牛角，再以筋胶加固，外贴金桃皮，饰以黄色菱形花纹。弓为双曲度弓形，弓梢处置牛角质垫弦（已脱落），弓中部镶暖木一块，以便于手握。弓弦以牛筋制成，外缠丝线。清代，骑射被看作是满族的长技，弓为军事及狩猎的必备之物，是最重要的武器之一。此弓为乾隆皇帝北狩围猎时使用之物，牛角面上镌刻满、汉文：“乾隆二十二年带领准噶尔投降众人木兰行围上用宝弓在依绵豁罗围场射中一虎。”
武备仪仗,木镶铁鋄金镂花纹马鞍,清嘉庆,http://www.dpm.org.cn/Uploads/File/2018/08/16/15343841377662.jpg,清嘉庆。通长62厘米，宽28厘米，高34厘米。清宫旧藏。马鞍木胎，前后鞍桥镶嵌铜镀金镂花叶纹鞍板，鞍板周缘用小铜叶加固。铁镀金质镂云龙戏珠纹马蹬一副，蹬面饰金十字金刚杵法器图案。鞍面铺鞍垫一，鞍垫以杂花纹锦制成，缘黄绒边，衬黄绸里。织金云龙纹缎坐垫，内敷薄丝棉，以使骑乘柔软。附黄纸签一，墨书：“乾隆四十五年七月二十六日班禅额尔德尼进铁镀金玲珑马鞍一副”，又附皮签一，上满汉文墨书：“仁宗睿皇帝御用镀金鞍一副嘉庆十年恭贮”。睿皇帝是嘉庆帝的谥号，说明此签是后世为嘉庆帝所补挂。（刘立勇）
武备仪仗,嘉庆帝御用镌诗火枪,清嘉庆,http://www.dpm.org.cn/Uploads/Picture/dc/10683.jpg,嘉庆御用枪，清，长132厘米，枪管口径1.5厘米。枪管铁质，在枪床的卧木槽内用4个等距离的铜箍固定。枪身嵌饰象牙梅花两朵，枪床顶端亦嵌饰象牙，下附通条一根。枪托尾部嵌象牙圆孔，孔口系黄绦丝带。枪口有准星、望山、标尺，用以瞄准。枪托上有嵌银丝楷书字，上部书：“嘉庆御用”，左侧书：“西林耀朱霭，寻鹿步兰皋。择牡寓除暴，发机即中膏。坚刚允神器，星斗晰秋毫。审度辨迟速，几余偶习劳。壬戌秋八月御题嘉庆。”其中“嘉庆”二字是嵌金丝隶书字。这支御用枪是清代嘉庆皇帝围猎时使用之物，诗文表明嘉庆皇帝告诫自己勿忘武备。
武备仪仗,铁莲花口錾金花纹火枪,清晚期,http://www.dpm.org.cn/Uploads/Picture/dc/10694.jpg,莲花口排枪，清，长146厘米，枪管口径2.3厘米。清宫旧藏。枪管铁质，包在木质枪托之下，有5道等距离铜箍固定枪身，下附通条一根。枪托安装有铁质打火石扳机。枪口铸成莲花形状，因称莲花口。枪上系绦带拴象牙牌一块，长6厘米，宽4厘米，一面书：“和硕醇亲王臣奕譞跪进”；另一面书：“莲花口排枪，枪重四斤八两，长三尺三寸，药重二钱，铅丸重四钱，一百弓有准”。（“弓”）
