文物类型,文物名称,时代,图片链接,分类,文物简介
玻璃器,乾隆款白套红玻璃莲瓣纹钵,清,http://www.dpm.org.cn/Uploads/Picture/dc/53229.jpg,套色玻璃,乾隆款白套红玻璃莲瓣纹钵，清乾隆，高12.5厘米，口径11.8厘米。钵圆形，收口，敛腹，平底。通体以涅白玻璃成器，分段套饰红、蓝两彩的玻璃。肩部、腹下部及钵底对应套豇豆红色玻璃，分别刻饰兽面纹和莲瓣纹，荷叶形的包底。口沿套孔雀蓝色玻璃，饰弦纹一道。底部阴刻荷花叶脉，在其纹理之间镌刻楷书“乾隆年制”古币式款。此钵造型规范周正，玻璃质地纯净温润，富有光泽。
玻璃器,白玻璃单耳桃式杯,清,http://www.dpm.org.cn/Uploads/Picture/dc/14084.jpg,单色玻璃,白玻璃单耳桃式杯，清，高3厘米，口径7.9－6.7厘米。杯呈桃形，折枝状柄，平底。涅白玻璃色如羊脂，通体琢刻桃叶纹。清代玻璃酒具以杯最为常见。此杯料色洁白温润，宛若白玉，琢刻的纹饰简洁而写意。劈桃为杯身寓意“长寿”。
玻璃器,白色缠丝玻璃高足杯,清,http://www.dpm.org.cn/Uploads/Picture/dc/14086.jpg,单色玻璃,白色缠丝玻璃高足杯，清，高8.5厘米，口径7厘米，足径4.6厘米。杯玻璃质地，撇口，高足。此杯先以涅白玻璃条与透明玻璃条反复并排粘贴成坯，圈起吹制，在吹制过程中，使其旋转成为螺旋状纹理的花纹。缠丝玻璃工艺最早诞生于16世纪意大利威尼斯，由传教士带入清廷。这件高足杯纹理均匀，细如蚕丝，色调风格温润高雅，从工艺和器型推断为欧洲舶来品。
玻璃器,康熙款白色透明玻璃水丞,清康熙,http://www.dpm.org.cn/Uploads/Picture/dc/10712.jpg,单色玻璃,白色透明玻璃水丞，通高7厘米，口径2.8厘米。水丞为覆碗式，，小口有盖，圆形平底。由透明白玻璃吹制而成，腹外壁切磨出8个平面，似莲瓣围绕一周。盖的表面切磨成六角形连锁纹。器底阴文篆书“康熙御制”四字款。清宫造办处于康熙三十五年（1696年）设立玻璃厂，融中国传统与欧洲技术之长，制造出了许多玻璃新品种，然而传世者极少。此水丞即出自宫廷的玻璃厂，其运用了西方切磨宝石的技法，质地纯净透亮，造型端庄，装饰新颖，是研究清代早期玻璃工艺的珍贵资料。
玻璃器,雍正款黄玻璃菊瓣式渣斗,清雍正,http://www.dpm.org.cn/Uploads/Picture/dc/10708.jpg,单色玻璃,雍正款黄玻璃菊瓣式渣斗，高9.9厘米，口径9.7厘米。渣斗菊瓣式喇叭口，圆腹，外撇圈足，通体瓜棱壁。渣斗为涅黄玻璃，吹制成型后，以凹凸手法塑成十六瓣瓜棱状。底部中心双线方框内阴刻楷书“雍正年制”双竖行款。此渣斗属小件陈设玩赏品。雍正时期玻璃厂由养心殿造办处迁移至圆明园六所，其作品基本上沿袭康熙年代的技术。这件渣斗的颜色艳丽，俗谓“鸡油黄”，色度均匀、纯正、洁净，呈色难度很大，是清早期玻璃器中的佳作。
玻璃器,雍正款蓝色透明玻璃尊,清雍正,http://www.dpm.org.cn/Uploads/Picture/dc/13918.jpg,单色玻璃,雍正款蓝色透明玻璃尊，高19.5厘米，口径16厘米。尊圆形，盘口，短颈，鼓腹，外撇圈足。通体呈透明浅蓝色，光素无纹饰。口沿处镌刻楷书“雍正年制”横行款。此尊由清宫造办处玻璃厂制造，器形大且造型规范，属清雍正朝传世玻璃品中较大之器皿。玻璃尊表面略泛碱痕，壁内有大小不一的气泡，是受当时玻璃制造技术制约而形成的。尽管如此，该尊仍为清宫玻璃厂早期的珍贵实物。
玻璃器,雍正款蓝色透明玻璃八棱瓶,清雍正,http://www.dpm.org.cn/Uploads/Picture/dc/10710.jpg,单色玻璃,雍正款蓝色透明玻璃八棱瓶，高14.5厘米，口径2.3厘米，足径4.2厘米。瓶八棱形，细长颈，鼓腹，圈足。通体呈透明宝蓝色，光素无纹饰。外底中心镌双方栏，内双竖行楷书“雍正年制”四字款。从目前的传世品看，玻璃八棱瓶的造型始见于雍正朝，乾隆时期曾以不同色泽的玻璃进行仿制，产品如出一辙，若无款识，则难以分辨。嘉庆以后仍有制作，但造型不规范，质不纯，色不佳，无法与雍、乾制品相提并论。该瓶造型规整，棱角笔直清晰，色泽雅致，晶莹剔透，虽无纹饰，却以其精巧的造型、宝石般的色泽和纯净无暇的质地取胜，格调高雅，显示了清宫玻璃厂高超的技艺，表明清雍正、乾隆二朝的玻璃制作工艺已达到其巅峰。
玻璃器,雍正款黄玻璃椭圆形水丞,清雍正,http://www.dpm.org.cn/Uploads/Picture/dc/8650.jpg,单色玻璃,雍正款黄玻璃椭圆形水丞，高3厘米，口径4.1-3厘米，腹径5.4-4.3厘米，足径4-2.9厘米。水丞椭圆形，口微侈，鼓腹，圈足。通体呈明黄色，光素无纹饰，俗称“鸡油黄”玻璃。外底中心阴刻单方框，内双竖行楷书“雍正年制”四字款。雍正时期的工艺品制作考究，装饰别致，风格独特，从某一侧面体现出了雍正皇帝的审美情趣。此水丞为不透明乳浊玻璃，套模具吹制而成，造型规范，线条流畅，质地细润，抛光光滑，虽小犹精。
玻璃器,无色透明玻璃戗金蕉叶纹盖碗,清中期,http://www.dpm.org.cn/Uploads/Picture/dc/10759.jpg,戗金玻璃,无色透明玻璃戗金蕉叶纹盖碗，通高7.3厘米，口径10.7厘米。碗圆形，唇口，直壁，平底，有盖。通体由无色透明玻璃制成，盖及碗外壁纹饰相同，均阴刻戗金如意云头纹和蕉叶纹。玻璃戗金为清乾隆朝出现的玻璃工艺新品种。与此盖碗配套的还有盘和小碗，且数量较多，应为皇家御用生活品。此盖碗玻璃质地润洁，光泽度较好，加以金彩奕奕的纹饰，愈显明净而华丽。
玻璃器,黄套红玻璃寿字盖豆,清中期,http://www.dpm.org.cn/Uploads/Picture/2019/01/11/s5c383227969ab.jpg,套色玻璃,黄套红玻璃寿字盖豆，高17厘米，口径15厘米。盖豆上部为一个带盖的扁圆形盒，细腰鼓节，覆碗式足，通体以涅黄色玻璃为胎，外套红色玻璃为纹。豆盖顶为紫红色玻璃琢以覆、仰莲瓣纹托起莲子钮；豆盖、豆身外壁以缠枝莲纹裹团寿字为饰；腰部与豆身、豆足连接处套以莲叶纹紫红色玻璃，中间鼓节部环饰缠枝莲纹；豆足饰缠枝花纹和勾连云纹各一周。此器造型由商周时期的青铜器豆演变而来，器形周正，纹饰则为清代风格。此盖豆为清宫造办处玻璃厂所造。
玻璃器,白色缠丝玻璃瓶,清中期,http://www.dpm.org.cn/Uploads/Picture/dc/10801.jpg,搅玻璃,白色缠丝玻璃瓶，高30.4厘米，口径10.5厘米，底径8.5厘米。瓶圆形，喇叭口，细颈，丰肩，长身，平底。通体以无色透明玻璃和涅白明玻璃相间，作均匀细条纹，呈螺旋上升之势。此瓶为吹制，壁薄体轻，材精形美。瓶身以白色与无色透明玻璃作装饰，清爽素雅。其纹理旋转流动，极富韵律美。这种装饰新奇独特，极为罕见。
玻璃器,金星玻璃天鸡式水盂,清乾隆,http://www.dpm.org.cn/Uploads/Picture/dc/10736.jpg,金星玻璃,金星玻璃天鸡式水盂，长21.5厘米，高15厘米。水盂天鸡形，鸭喙，羊须，凤尾，卧姿回首，羽饰精致华美，用失蜡法制成。天鸡是古代传说中的神鸟，《古小说钩沉》载：“东南有桃都山，上有大树，名曰桃都，枝相去三千里。上有一天鸡，日初出，光照此木，天鸡则鸣，群鸡皆随之鸣。”采用天鸡造型是取其神威以保平安之意。
玻璃器,乾隆款豇豆红套蓝玻璃花蝶纹瓶,清乾隆,http://www.dpm.org.cn/Uploads/Picture/dc/10727.jpg,套色玻璃,乾隆款豇豆红套蓝玻璃花蝶纹瓶，高24.7厘米，口径7.7-7.2厘米。瓶体为扁八棱体，侈口，细颈，出肩，下腹收敛，高足微撇。通体以豇豆红色玻璃为胎，套饰蓝色花纹。颈部饰俯蕉叶纹，腹部饰折枝牡丹、荷花、山茶、梅花等花卉，间有蝴蝶、蜜蜂飞舞，近足处饰花蕾纹一周。底刻阴文楷书“乾隆年制”四字双直线款。该瓶虽然纹饰较丰富，但仅以豇豆红地衬托天蓝一色纹饰，配色清新淡雅，以柔静见长。此瓶无论颜色，还是纹饰疏朗大方的布局，都与乾隆时期盛行的图案繁缛、颜色丰富的风格有所区别，代表了崭新的艺术走向。
玻璃器,乾隆款白套红玻璃云龙纹瓶,清乾隆,http://www.dpm.org.cn/Uploads/Picture/dc/10726.jpg,套色玻璃,乾隆款白套红云龙纹玻璃瓶，高29.5厘米，口径9.5厘米。瓶口微撇，细颈，腹阔大而垂，矮足，平底，器型仿玉壶春瓶。以涅白玻璃做胎，套紫红玻璃为饰。瓶口饰弦纹一周，颈部饰蕉叶纹，肩部饰蔓草纹和如意垂云纹，腹部装饰云龙戏珠图，近底饰以仰莲瓣纹，瓶底双方框内刻楷书“大清乾隆年制”六字款。此瓶造型典雅，胎质润泽，纹饰华丽而精细，是乾隆时清宫玻璃厂套玻璃作品中之佼佼者。
玻璃器,乾隆款白套红玻璃桃蝠纹瓶,清乾隆,http://www.dpm.org.cn/Uploads/Picture/dc/10725.jpg,套色玻璃,乾隆款白套红玻璃桃蝠纹瓶，高14厘米，口径6.2厘米。瓶喇叭口，细长颈，球腹，矮足，以涅白玻璃为胎，套饰朱红色玻璃花纹。颈、腹纹饰一体，有桃树、蝙蝠、蜜蜂、蝴蝶、灵芝等。底刻阴文楷书“乾隆年制”四字款，四字分布于上、下、右、左四边。源自宋代的“图必有意，意必吉祥”的装饰之道，至清时已十分发达。此瓶纹饰中，桃树、灵芝象征长寿，又以蝙蝠与“福”谐音而表示福在眼前之意，蝶与“耋”谐音而象征寿运久长，蜜蜂则取生活甜美之意。
玻璃器,乾隆款白套蓝玻璃缠枝莲纹碗,清乾隆,http://www.dpm.org.cn/Uploads/Picture/dc/10729.jpg,套色玻璃,乾隆款白套蓝玻璃缠枝莲纹碗，高5.3厘米，口径12厘米。碗侈口，弧壁，圈足。以涅白色玻璃成器，外壁套饰蓝玻璃花纹。口沿饰弦纹一道，腹部开光，内饰缠枝莲纹，腹下近足处饰云头纹，足底垫起。底刻双直行阴文楷书“乾隆年制”四字款。此碗胎色纯洁如羊脂白玉，套玻璃纹饰精细，布局疏朗，风格清新雅致。乾隆时期玻璃作品多以装饰华丽、图案繁缛、做工精细见长，但在这一主流风格之外，仍有如此碗般素雅娴静的作品。
玻璃器,乾隆款搅玻璃撇口瓶,清乾隆,http://www.dpm.org.cn/Uploads/Picture/dc/10746.jpg,搅玻璃,乾隆款搅玻璃撇口瓶，高20.8厘米，口径11厘米。瓶喇叭状圆口，口沿外撇，颈直且较长，阔腹下敛，类鹅卵形，高圈足，底部外撇。足底阴刻楷书“乾隆年制”四字款。瓶口沿和足部套碧绿色玻璃，颈、腹部饰白、蓝、红三色相间的条带纹，通体螺旋缠绕，其颜色的相间规律为白、红、白、蓝。搅玻璃工艺是乾隆时期创造的一种新的玻璃装饰工艺，其工艺过程比较复杂，类似于拧丝。在玻璃器上最早出现款识的时间是清康熙年间，直到清末，大量的清宫造办处玻璃厂作品常有年款，但是款识分布方式多为双直行、单直行，并加圈栏。这件作品的刻款方式却比较特殊，呈单字分别处于四个方向。此瓶颜色纯正，质地洁净，造型雅致，纹饰流畅活泼，如行云流水，为本来静止的器物注入了勃勃生机，是不可多得的清代玻璃珍品。
玻璃器,黄玻璃瓶,清乾隆,http://www.dpm.org.cn/Uploads/Picture/dc/53102.jpg,单色玻璃,黄玻璃瓶，清乾隆，高21.7厘米，口径3.2厘米。瓶圆口，长直颈，阔腹下敛，平底。通体为涅黄玻璃，光素无装饰。此瓶器形端庄，线条流畅，色泽娇艳，表面平滑光亮，是清代宫廷玻璃器皿的精品。
玻璃器,乾隆款茶色透明玻璃磨花花卉纹杯,清乾隆,http://www.dpm.org.cn/Uploads/Picture/dc/13885.jpg,单色玻璃,乾隆款茶色透明玻璃磨花花卉纹杯，高3.4厘米，口径6厘米。杯敞口，腹部下收，平底。通体茶色透明玻璃，外壁打磨山石花卉图案。杯底磨粗方框，内刻“乾隆年制”四字款。此杯系清宫造办处玻璃厂制造，器形小巧秀美，所饰图案山石嶙峋，花草延展自然，蝴蝶翻飞，意趣盎然。磨出的纹饰透过茶色玻璃壁愈显出典雅清丽。
玻璃器,白套绿玻璃开光花卉纹瓶,清乾隆,http://www.dpm.org.cn/Uploads/Picture/dc/13889.jpg,套色玻璃,白地套绿色玻璃开光花卉纹瓶，高16厘米，口径3厘米。瓶口略外撇，颈细长，阔腹下敛。瓶以涅白色玻璃为胎，外套淡绿色玻璃为花纹。颈部饰变形缠枝花纹，肩饰回纹一道，腹部4组开光，内饰缠枝莲纹。瓶下配木雕器座。此瓶玲珑小巧，秀丽可人，色彩柔和淡雅，程式化的花卉纹饰具有典型的宫廷艺术风格。此为清宫造办处玻璃厂制品。
玻璃器,乾隆款玻璃胎画珐琅花卉纹瓶,清乾隆,http://www.dpm.org.cn/Uploads/Picture/dc/10770.jpg,玻璃胎画珐琅,乾隆款玻璃胎画珐琅花卉纹瓶，高9.8厘米，口径2.4厘米。瓶圆口微侈，细颈，圆腹，矮圈足。涅白玻璃胎，通体绘珐琅彩纹饰：颈部黄地上绘3个黑色团寿字，肩部饰以云肩，并垂三条装饰带，将腹部分为三个开光，分别饰萱草、芙蓉、罂粟花卉纹。底中心处书“乾隆年制”双行四字款。此瓶玲珑小巧，线条柔和，玻璃胎体温润如玉，纹饰色彩清丽，具有典型的宫廷艺术风格。
玻璃器,乾隆款白套蓝玻璃缠枝花卉纹朝冠耳炉,清乾隆,http://www.dpm.org.cn/Uploads/Picture/dc/13890.jpg,套色玻璃,乾隆款白套蓝玻璃缠枝花卉纹朝冠耳炉，通高18.2厘米，口径15厘米。炉身圆形，盘口，短颈，鼓腹，朝冠耳，兽蹄形足，内附铜胆。炉体为罩模吹制，足与耳为模铸，有铆榫再经粘接而成。炉体以白色玻璃制成，套半透明蓝色玻璃碾琢出花纹。口沿琢饰回纹，颈饰蔓草纹，腹部环饰缠枝花卉纹一周，其中盛开的三朵大花分别与三足的位置相对应，足阴刻卷云纹。口沿一侧阴刻楷书“乾隆年制”横行四字款。清代宫中重视礼佛之事，大小佛堂遍布紫禁城，故需用大量供器。这些供器无论是何种材质，均工艺考究，制作精良。此炉为五供之一，其造型规范，雕刻精细，花纹流畅，白地蓝花分外素雅清新。
玻璃器,乾隆款透明蓝玻璃花口式碗,清乾隆,http://www.dpm.org.cn/Uploads/Picture/dc/10719.jpg,单色玻璃,乾隆款透明蓝玻璃花口式碗，高6.6厘米，口径20厘米。碗圆形，斜直壁，圈足，葵口似花瓣形。通体为透明蓝色玻璃。碗底中心单方框内阴刻楷书“乾隆年制”四字款此碗为清宫造办处玻璃厂造。器形追摹宋代瓷器，玻璃器壁薄如蛋壳，晶莹剔透，色如宝石，工艺精湛，是乾隆时期蓝色玻璃器的代表作。
玻璃器,乾隆款孔雀蓝色玻璃长颈瓶,清乾隆,http://www.dpm.org.cn/Uploads/Picture/dc/10716.jpg,单色玻璃,乾隆款孔雀蓝色玻璃长颈瓶，高27.3厘米，口径8.6厘米。瓶微撇口，长颈，圆腹，圈足。通体为孔雀蓝色玻璃，光素无纹饰。底中心处阴刻“乾隆年制”楷书款。此瓶系清宫造办处玻璃厂造，属皇家陈设品。该瓶器形端庄大方，线条流畅，色泽娇艳，表面平滑光亮，是乾隆朝独具风采的工艺美术品。
玻璃器,乾隆款蓝玻璃方花觚,清乾隆,http://www.dpm.org.cn/Uploads/Picture/dc/10713.jpg,单色玻璃,乾隆款蓝玻璃方花觚，高25厘米，口径13.5厘米。花觚方形，撇口，长颈，平底。通体为透明蓝色玻璃，底中心处阴线双方框内阴刻楷书“乾隆年制”四字款。此花觚系清宫造办处玻璃厂造，型制仿古青铜器。清代花觚大部分作为五供之一，也可单独使用。该花觚器形挺拔大方，既存古雅之韵，又显玻璃材质之明洁清新。
玻璃器,乾隆款朱粉红色玻璃戗金缠枝花纹三式,清乾隆,http://www.dpm.org.cn/Uploads/Picture/dc/10751.jpg,戗金玻璃,乾隆款朱红色玻璃戗金缠枝花纹三式，炉高7.6厘米，口径8.6厘米；瓶高12.7厘米，口径2.3厘米；盒高3.7厘米，口径6.6厘米。“三式”包括炉、瓶、盒三件器物。炉为双耳，三足，炉内置铜镀金胆。瓶为马蹄式。盒为圆形。三式均以朱红色玻璃制成，刻缠枝花纹并戗金。器底均阴刻楷书“乾隆年制”四字款。“三式”即炉、瓶、盒的组合，是置于室内燃放香料的成套用具。组合方式始见于清朝，似与满族的生活方式有关。造办处曾以珐琅、铜镀金、玉、瓷等材质制作了大量的三式，有的器物上还镌刻着所陈设的宫殿名称和千字文顺序。玻璃质地的三式则不多见。此三式系清宫造办处玻璃厂造，小巧精致，玻璃色泽醒目亮丽，为乾隆朝戗金玻璃之佳品。
玻璃器,黄套绿玻璃瓜形盒,清乾隆,http://www.dpm.org.cn/Uploads/Picture/dc/10802.jpg,套色玻璃,黄套绿玻璃瓜形盒，高4.7厘米，口径7.7×8.3厘米。此盒为扁圆形，以黄色玻璃作胎，黄色之中有红色与黄色相搅而成的丝状，外套透明绿色玻璃为装饰。绿色玻璃部分雕刻成瓜叶形，藤蔓突出，叶脉清晰，花瓣舒展，并附一只小虫栖息于叶上。此盒造型如绿叶下覆盖的甜瓜，匠艺独到。玻璃质地晶莹透亮，光泽度好，有宝石的效果。
玻璃器,绿色透明玻璃渣斗,清乾隆,http://www.dpm.org.cn/Uploads/Picture/dc/10803.jpg,单色玻璃,绿色透明玻璃渣斗，高8.7厘米，口径7.7厘米。渣斗喇叭口，鼓腹，平底。通体由透明绿色玻璃磨制而成，器外壁打磨成连续的六角形切面为装饰。渣斗即为吐盂，是宫中生活用品之一，其质地多为瓷器、铜器和珐琅器，而玻璃制的渣斗则十分少见。此渣斗玻璃质地纯净，透明度极佳，所磨制的几何纹样近似于现代风格，有立体效果，更显玻璃器皿晶莹剔透。此为清乾隆时期的精品，乾隆朝之后，玻璃磨制的工艺水平有所下降。
玻璃器,乾隆款玻璃胎画珐琅花鸟小瓶,清乾隆,http://www.dpm.org.cn/Uploads/Picture/dc/10768.jpg,玻璃胎画珐琅,乾隆款玻璃胎画珐琅花鸟小瓶，高8.5厘米，口径1.2厘米。此瓶小圆口，直颈，溜肩，筒形身，圈足。通体以涅白玻璃为地，上以珐琅彩描饰花纹。口边绘蕉叶纹，腹部环饰花鸟图。瓶底以蓝色珐琅料书楷书“乾隆年制”四字款。玻璃胎画珐琅是与铜胎、瓷胎画珐琅共同出现的清代珐琅新工艺。唯玻璃胎画珐琅制作难度大，传世品少。此件小瓶造型秀美，胎色洁白，温润如玉，表面有一层光亮的凝脂，所绘花鸟图传神而柔美，赏心悦目。此玻璃胎画珐琅瓶是清宫造办处玻璃厂和珐琅厂联合制做的精品。
玻璃器,金星玻璃冰裂纹笔筒,清乾隆,http://www.dpm.org.cn/Uploads/Picture/dc/10739.jpg,金星玻璃,金星玻璃冰裂纹笔筒，高13.5厘米，口径13厘米。笔筒铜胎，圆筒形，底微凹，口及足镀金。筒身錾刻不规则的冰裂纹，再嵌入金星玻璃片。无款。此笔筒系清宫造办处玻璃厂制造。因金星玻璃只在乾隆一朝制作，虽无刻款，仍可定为乾隆朝制品。笔筒华丽典雅，金属与玻璃两种工艺相结合，现存乾隆朝玻璃器中仅见此一例。
玻璃器,乾隆款白套红玻璃莲瓣纹钵,清乾隆,http://www.dpm.org.cn/Uploads/Picture/dc/10721.jpg,套色玻璃,乾隆款白套红玻璃莲瓣纹钵，高12.5厘米，口径10厘米，底径6.2厘米。钵圆形，收口，敛腹，平底。通体以涅白玻璃成器，分段套饰红、蓝两彩的玻璃。肩及腹下部对应套紫红色玻璃，分别刻饰兽面纹和双层莲瓣纹。口沿及外底套宝蓝色玻璃，分别饰弦纹一道和荷叶形的包底。底部阴刻荷花叶脉，在其纹理之间镌刻楷书“乾隆年制”古币式款。此钵造型规范周正，玻璃质地纯净温润，富有光泽。
玻璃器,乾隆款蓝玻璃戗金花卉纹烛台,清乾隆,http://www.dpm.org.cn/Uploads/Picture/dc/10761.jpg,戗金玻璃,乾隆款蓝玻璃戗金花卉纹烛台，通高28.5厘米，盘径6厘米。烛台由铜扦、大小两个撇口浅盘、立柱、覆碗式高足等部分组合，再以铜棍穿连，用螺丝紧固而成。器表阴刻缠枝花卉和卷草纹，纹内戗金。高足上饰弦纹，弦纹之上阴刻填金横行楷书“乾隆年制”四字款。烛台为五供之一。此蜡台以海蓝色涅玻璃模制而成，造型优美，线条曲折流畅。其装饰采用了髹漆工艺中的戗金技法。涅蓝玻璃深沉典雅反衬出戗金纹饰华丽美观。
玻璃器,乾隆款黄套红玻璃荷花纹缸,清乾隆,http://www.dpm.org.cn/Uploads/Picture/dc/10724.jpg,套色玻璃,乾隆款黄套红玻璃荷花纹缸，高9.3厘米，口径10.3厘米，底径8.5厘米。缸圆形，收口，腹下部略收敛，平底，形近似于钵。通体以淡黄色涅玻璃为胎体，外套半透明红色玻璃。腹部饰通景夏日荷塘图，散布的荷叶、盛开的荷花及莲蓬立于水波之中，数只蜻蜓和蜜蜂飞舞空中。图案以写实手法雕刻而成。外底阴刻楷书“乾隆年制”古币式款。此缸质地精纯，磨制圆熟，构图疏朗，与同时期华丽繁缛的装饰风格迥异，品位高贵典雅，为乾隆时期玻璃器中的佼佼者。
玻璃器,乾隆款白套蓝玻璃缠枝花卉纹朝冠耳炉,清乾隆,http://www.dpm.org.cn/Uploads/Picture/dc/10730.jpg,套色玻璃,乾隆款白套蓝玻璃缠枝花卉纹朝冠耳炉，通高18.2厘米，口径11.5厘米，足距9.4厘米。炉身圆形，盘口，短颈，鼓腹，朝冠耳，三兽蹄形足，内附铜胆。炉体以白色玻璃制成，套半透明蓝色玻璃花纹。口沿刻回纹，一侧阴刻横行楷书“乾隆年制”四字款。颈部饰蔓草纹，腹部环饰缠枝花卉纹一周，其中有盛开状的大花3朵，分别与3足的位置相对应，足上阴刻卷云纹。炉体以模具吹制，足与耳为模铸，粘接于炉体。清代宫中礼佛之事备受重视，因此需用大量工艺考究、制作精良的供器，此炉即为宫中的供器。其造型周正，雕刻精细，花纹流畅，白地蓝花，清新雅致。
玻璃器,乾隆款白套红玻璃缠枝花卉纹渣斗,清乾隆,http://www.dpm.org.cn/Uploads/Picture/dc/10723.jpg,套色玻璃,乾隆款白套红玻璃缠枝花卉纹渣斗，高9.8厘米，口径10.3厘米，足径5.7厘米。渣斗圆形，喇叭口，腹部上丰下敛，圈足。器以涅白玻璃成型，套紫红色涅玻璃花纹。腹部环饰缠枝花卉纹，串联的枝叶将梅花、菊花、荷花、海棠、栀子、芍药等不同的花卉连接起来，一上一下，交错排列，新颖独特。口沿下及肩部分别雕刻俯式蕉叶纹和如意云头纹各一周。外底阴刻双方框，内双竖行楷书“乾隆年制”四字款。乾隆二十七年（1762年），弘历曾谕令以后在渣斗上不要作年款，所以乾隆时期各工艺品种的渣斗多不具款识，此件带乾隆年款的玻璃渣斗应为乾隆早期作品。当时的套料玻璃器物以白套红居多，白色洁净，红色鲜艳，具有良好的视觉效果。套料玻璃器中渣斗极少见，有明确款识者则更加稀罕。
玻璃器,金星玻璃三阳开泰山子,清乾隆,http://www.dpm.org.cn/Uploads/Picture/dc/10734.jpg,金星玻璃,金星玻璃三阳开泰山子，高12.5厘米，长22厘米。山子作嶙峋山石状，其间有3只温顺的绵羊，姿态各异。山脚下，左边一羊仰首观天，右边一只低头下山，另一只伏卧在山顶上，回首作张望状，寓意“三阳开泰”。底部中心阴刻双竖行篆书“乾隆年制”四字款。山子附精细的黄杨木雕山石水波纹座。山子中的3只绵羊体态浑圆，而山石则陡峭险峻，棱角分明，工匠运用不同的雕刻技法达到了刚柔相济的效果。此山子为金星玻璃器中的传世精品。
玻璃器,乾隆款蓝套绿玻璃螭纹水丞,清乾隆,http://www.dpm.org.cn/Uploads/Picture/dc/10722.jpg,套色玻璃,乾隆款蓝套绿玻璃螭纹水丞，清乾隆，高3.9厘米，口径3.3厘米，足径2.9厘米。水丞圆形，收口，鼓腹，圈足。器身以涅蓝玻璃为胎体，以浅绿色涅玻璃作装饰。器表阳起双螭纹，首尾相连，口沿及足底各饰弦纹一道。外底镌单方栏，内双竖行楷书“乾隆年制”四字款。常规套色玻璃器以涅白玻璃为胎体，然后套各色玻璃进行装饰。此水丞突破常规，以深色套浅色，取得了新鲜活泼的视觉效果。水丞上螭纹虽小，但灵动矫健，为浮雕玻璃器的精湛之作。
玻璃器,嘉庆款琥珀色透明玻璃马蹄尊,清嘉庆,http://www.dpm.org.cn/Uploads/Picture/dc/13986.jpg,单色玻璃,嘉庆款琥珀色透明玻璃马蹄尊，高17.6厘米，口径3.8厘米。此尊圆口，直颈，器形呈马蹄状。通体为琥珀色透明玻璃，底中心单方框内刻有“嘉庆年制”四字款。此尊为清宫造办处玻璃厂造，器型周正简洁，器表平滑。署嘉庆款的玻璃器皿数量有限，故较为珍贵。
玻璃器,道光款蓝色透明玻璃花草蝴蝶纹杯,清道光,http://www.dpm.org.cn/Uploads/Picture/dc/14085.jpg,单色玻璃,道光款蓝色透明玻璃花草蝴蝶纹杯，清，高4.6厘米，口径6厘米，足径2.9厘米。杯蓝色透明玻璃质地，圆口，平底。杯身刻花卉、蝴蝶纹。杯底针刻楷书“道光年制”四字款。清代，玻璃制品的生产开始发展，制作工艺精湛而复杂。玻璃器的品种非常丰富，仅单色玻璃就有20余种，复色玻璃包括搅玻璃、金星玻璃、点彩夹金、夹彩、缠丝玻璃等品种，另外还有大量的套玻璃器。这些玻璃制品晶莹剔透，华丽精美。清代晚期，玻璃的烧造渐趋衰落。此杯堪称道光时期玻璃器的代表作品。
玻璃器,木框旋转彩绘玻璃片,未知,http://www.dpm.org.cn/Uploads/Picture/dc/23661.jpg,未知,木框旋转彩绘玻璃片，清，长15厘米，宽8厘米。此物推测为清代机械钟表、洋片盒的组成部件。在长方形木板中心镶两片彩绘的圆玻璃，圆玻璃叠在一起，两边都可以观看。圆玻璃用金属圈固定，圈内装有齿轮。木板上有一铁手柄，其直端嵌入金属圈，并与齿轮衔接。转动铁手柄，带动齿轮，玻璃画片的彩绘画面就会翻转活动。玻璃画片图案为西方建筑与田园风光，此物应是由西方引入清宫中。
